Date,Open,High,Low,Close,Adj_Close,Volume
2000-01-01,272.500000,847.500000,257.500000,790.000000,790.000000,825010
2000-01-08,746.093750,749.375000,481.250000,550.000000,550.000000,814460
2000-01-15,580.000000,1143.750000,566.250000,1088.750000,1088.750000,804740
2000-01-22,1282.500000,1565.000000,815.000000,835.000000,835.000000,1244620
2000-01-29,775.000000,1290.000000,762.500000,1150.000000,1150.000000,1017660
2000-02-05,1183.750000,1193.750000,1050.625000,1121.250000,1121.250000,224940
2000-02-12,1164.375000,1386.250000,1135.000000,1310.000000,1310.000000,406430
2000-02-19,1351.250000,1390.000000,1146.250000,1152.500000,1152.500000,149560
2000-02-26,1145.000000,1290.000000,1001.250000,1208.750000,1208.750000,228230
2000-03-04,1203.750000,1510.000000,1081.875000,1497.500000,1497.500000,295580
2000-03-11,1407.500000,1530.000000,1151.875000,1218.750000,1218.750000,251050
2000-03-18,1230.000000,1235.000000,933.750000,1015.625000,1015.625000,227830
2000-03-25,1030.000000,1040.000000,797.500000,850.000000,850.000000,247730
2000-04-01,863.125000,970.000000,730.000000,887.500000,887.500000,232230
2000-04-08,924.531250,925.000000,543.750000,551.875000,551.875000,206180
2000-04-15,500.000000,790.000000,450.000000,628.750000,628.750000,234430
2000-04-22,600.000000,855.000000,546.250000,800.000000,800.000000,269570
2000-04-29,846.875000,875.000000,473.750000,560.000000,560.000000,766290
2000-05-06,520.000000,587.500000,480.000000,555.000000,555.000000,242680
2000-05-13,561.875000,590.000000,481.250000,506.250000,506.250000,110990
2000-05-20,500.625000,501.250000,380.000000,394.375000,394.375000,142860
2000-05-27,400.000000,561.250000,400.000000,548.750000,548.750000,116930
2000-06-03,549.687500,562.500000,510.000000,540.000000,540.000000,69200
2000-06-10,560.000000,567.500000,495.000000,510.000000,510.000000,68800
2000-06-17,510.000000,627.500000,504.375000,540.000000,540.000000,253720
2000-06-24,546.875000,646.250000,541.250000,625.000000,625.000000,102290
2000-07-01,620.000000,695.000000,579.375000,660.625000,660.625000,101760
2000-07-08,665.937500,716.250000,630.000000,700.000000,700.000000,125970
2000-07-15,703.750000,709.375000,586.875000,587.500000,587.500000,97250
2000-07-22,595.312500,596.875000,530.000000,533.125000,533.125000,76290
2000-07-29,551.250000,552.500000,360.000000,391.250000,391.250000,307530
2000-08-05,404.687500,451.250000,391.250000,416.250000,416.250000,154780
2000-08-12,423.750000,453.750000,414.375000,451.250000,451.250000,53860
2000-08-19,452.500000,488.125000,396.250000,487.500000,487.500000,171530
2000-08-26,484.375000,485.000000,426.875000,429.375000,429.375000,113590
2000-09-02,437.500000,458.750000,420.000000,433.125000,433.125000,121420
2000-09-09,428.125000,618.750000,410.000000,492.500000,492.500000,1497380
2000-09-16,490.000000,532.500000,430.000000,440.000000,440.000000,406240
2000-09-23,440.000000,472.500000,367.500000,372.500000,372.500000,255410
2000-09-30,381.250000,391.250000,250.625000,297.812500,297.812500,392260
2000-10-07,276.250000,291.250000,250.000000,275.000000,275.000000,148960
2000-10-14,279.375000,293.750000,231.250000,274.375000,274.375000,113920
2000-10-21,282.500000,325.000000,256.875000,265.000000,265.000000,169800
2000-10-28,262.812500,263.125000,225.000000,236.250000,236.250000,223180
2000-11-04,234.375000,252.500000,190.000000,210.000000,210.000000,256640
2000-11-11,201.250000,220.000000,180.000000,180.625000,180.625000,121430
2000-11-18,177.500000,180.000000,145.625000,165.000000,165.000000,101230
2000-11-25,171.250000,180.000000,104.375000,133.125000,133.125000,152740
2000-12-02,133.125000,160.000000,128.750000,140.625000,140.625000,189310
2000-12-09,147.500000,148.750000,109.375000,111.875000,111.875000,173670
2000-12-16,120.000000,120.000000,91.250000,111.875000,111.875000,200330
2000-12-23,113.125000,176.250000,112.500000,146.875000,146.875000,241270
2000-12-30,151.875000,173.125000,149.375000,152.500000,152.500000,178570
2001-01-06,154.687500,201.250000,145.625000,199.375000,199.375000,208770
2001-01-13,206.875000,330.000000,201.875000,248.125000,248.125000,942330
2001-01-20,259.375000,273.750000,225.000000,250.625000,250.625000,357430
2001-01-27,251.250000,290.000000,243.125000,255.625000,255.625000,207400
2001-02-03,251.250000,255.000000,191.250000,201.875000,201.875000,138210
2001-02-10,193.750000,205.000000,175.625000,196.875000,196.875000,179490
2001-02-17,198.125000,202.500000,165.625000,173.750000,173.750000,110720
2001-02-24,174.375000,178.125000,125.000000,150.000000,150.000000,141020
2001-03-03,147.500000,155.000000,138.750000,141.250000,141.250000,143460
2001-03-10,137.500000,141.250000,125.000000,133.125000,133.125000,97640
2001-03-17,134.375000,163.125000,125.000000,140.000000,140.000000,179330
2001-03-24,145.000000,150.625000,135.000000,143.125000,143.125000,115780
2001-03-31,142.812500,144.375000,128.750000,133.750000,133.750000,98610
2001-04-07,136.100006,155.000000,134.100006,149.300003,149.300003,82610
2001-04-14,154.899994,215.000000,150.899994,189.500000,189.500000,451450
2001-04-21,187.300003,199.600006,170.000000,188.600006,188.600006,171590
2001-04-28,190.899994,245.000000,188.899994,214.800003,214.800003,429840
2001-05-05,215.500000,240.000000,207.500000,212.500000,212.500000,160660
2001-05-12,225.000000,340.000000,213.899994,321.200012,321.200012,760390
2001-05-19,334.399994,373.500000,280.000000,354.000000,354.000000,950930
2001-05-26,365.299988,380.000000,281.700012,327.799988,327.799988,570810
2001-06-02,330.100006,330.100006,280.000000,281.399994,281.399994,404150
2001-06-09,260.100006,295.000000,207.000000,226.300003,226.300003,465820
2001-06-16,226.300003,237.399994,171.600006,187.300003,187.300003,268420
2001-06-23,180.800003,238.899994,167.500000,215.300003,215.300003,505850
2001-06-30,213.000000,222.699997,191.000000,202.500000,202.500000,124320
2001-07-07,199.100006,202.399994,169.199997,185.500000,185.500000,119210
2001-07-14,189.399994,189.899994,121.500000,124.599998,124.599998,788630
2001-07-21,129.100006,131.699997,111.000000,117.500000,117.500000,503310
2001-07-28,125.000000,136.000000,120.000000,133.199997,133.199997,295730
2001-08-04,134.000000,140.000000,120.000000,123.400002,123.400002,196580
2001-08-11,124.000000,124.199997,106.500000,108.800003,108.800003,167200
2001-08-18,107.599998,109.300003,98.800003,105.500000,105.500000,138570
2001-08-25,105.800003,110.800003,92.500000,99.699997,99.699997,132740
2001-09-01,100.199997,109.000000,87.500000,91.099998,91.099998,102900
2001-09-08,90.199997,99.000000,83.000000,97.800003,97.800003,90550
2001-09-15,96.500000,97.900002,60.099998,77.300003,77.300003,250200
2001-09-22,92.000000,114.000000,87.500000,96.199997,96.199997,340370
2001-09-29,96.800003,107.000000,89.000000,97.900002,97.900002,149250
2001-10-06,96.000000,100.400002,88.500000,93.500000,93.500000,145040
2001-10-13,95.000000,95.699997,78.199997,80.099998,80.099998,177790
2001-10-20,80.300003,93.300003,71.900002,93.000000,93.000000,210190
2001-10-27,92.000000,94.000000,75.300003,82.000000,82.000000,155410
2001-11-03,86.099998,91.000000,82.300003,83.199997,83.199997,111040
2001-11-10,85.199997,101.900002,82.000000,96.500000,96.500000,245950
2001-11-17,98.000000,98.400002,90.500000,92.400002,92.400002,68250
2001-11-24,92.000000,94.099998,82.199997,86.500000,86.500000,111360
2001-12-01,86.599998,88.500000,81.199997,82.400002,82.400002,124820
2001-12-08,81.500000,84.900002,75.000000,76.099998,76.099998,81670
2001-12-15,76.599998,82.699997,75.000000,78.500000,78.500000,106620
2001-12-22,78.099998,92.500000,77.500000,88.500000,88.500000,118490
2001-12-29,87.000000,93.099998,85.000000,89.900002,89.900002,118410
2002-01-05,89.000000,131.000000,86.199997,105.800003,105.800003,1329760
2002-01-12,102.000000,107.000000,90.000000,97.300003,97.300003,305630
2002-01-19,98.900002,107.800003,97.000000,99.500000,99.500000,188760
2002-01-26,101.400002,115.300003,92.000000,112.000000,112.000000,270150
2002-02-02,109.800003,114.000000,85.000000,86.500000,86.500000,258300
2002-02-09,89.900002,102.300003,87.500000,88.699997,88.699997,135440
2002-02-16,89.000000,97.000000,82.599998,86.199997,86.199997,113630
2002-02-23,85.400002,93.800003,85.000000,88.099998,88.099998,111800
2002-03-02,89.500000,103.000000,88.000000,100.400002,100.400002,183280
2002-03-09,99.000000,109.500000,97.500000,99.500000,99.500000,99850
2002-03-16,100.500000,108.900002,99.000000,101.300003,101.300003,96740
2002-03-23,101.300003,109.500000,99.000000,103.699997,103.699997,79300
2002-03-30,102.500000,115.800003,100.699997,102.300003,102.300003,208130
2002-04-06,105.000000,109.500000,101.400002,102.599998,102.599998,114840
2002-04-13,103.099998,114.500000,100.800003,108.300003,108.300003,134850
2002-04-20,108.099998,125.800003,106.000000,111.000000,111.000000,308050
2002-04-27,111.599998,112.800003,101.500000,105.400002,105.400002,142010
2002-05-04,103.099998,105.000000,94.000000,96.000000,96.000000,108640
2002-05-11,96.199997,111.599998,95.000000,105.500000,105.500000,86220
2002-05-18,104.800003,105.500000,91.199997,91.599998,91.599998,72230
2002-05-25,92.000000,97.800003,85.400002,86.500000,86.500000,60480
2002-06-01,86.699997,88.699997,68.400002,76.199997,76.199997,134370
2002-06-08,76.800003,78.800003,67.000000,70.000000,70.000000,73200
2002-06-15,72.300003,79.500000,69.199997,75.099998,75.099998,89350
2002-06-22,77.400002,82.500000,66.099998,79.099998,79.099998,145550
2002-06-29,80.000000,80.000000,65.800003,75.000000,75.000000,60580
2002-07-06,75.500000,80.000000,67.500000,69.099998,69.099998,69960
2002-07-13,66.800003,68.500000,60.099998,61.500000,61.500000,70230
2002-07-20,60.799999,63.000000,40.400002,51.400002,51.400002,164120
2002-07-27,53.299999,58.799999,47.500000,47.599998,47.599998,92920
2002-08-03,48.799999,58.500000,46.200001,53.700001,53.700001,70110
2002-08-10,54.000000,64.300003,53.500000,61.000000,61.000000,70170
2002-08-17,60.500000,62.700001,56.900002,60.099998,60.099998,62530
2002-08-24,61.900002,68.199997,56.599998,58.799999,58.799999,63630
2002-08-31,58.900002,59.700001,57.000000,58.000000,58.000000,39610
2002-09-07,58.500000,63.000000,55.000000,62.200001,62.200001,59860
2002-09-14,62.099998,62.299999,51.500000,54.000000,54.000000,53770
2002-09-21,53.299999,54.599998,50.000000,52.099998,52.099998,53600
2002-09-28,52.000000,52.099998,41.099998,41.700001,41.700001,73710
2002-10-05,43.000000,43.400002,33.900002,42.200001,42.200001,98680
2002-10-12,41.599998,54.000000,41.099998,52.500000,52.500000,98300
2002-10-19,52.500000,56.200001,49.200001,52.700001,52.700001,64850
2002-10-26,52.200001,68.199997,52.099998,60.000000,60.000000,107960
2002-11-02,60.500000,61.500000,55.000000,56.799999,56.799999,65990
2002-11-09,56.700001,56.799999,50.500000,52.900002,52.900002,67340
2002-11-16,53.400002,61.799999,52.500000,59.700001,59.700001,75650
2002-11-23,60.799999,73.000000,59.000000,70.099998,70.099998,103560
2002-11-30,70.500000,71.800003,53.500000,56.900002,56.900002,123820
2002-12-07,56.500000,57.500000,52.700001,55.099998,55.099998,53410
2002-12-14,55.500000,57.000000,49.400002,50.000000,50.000000,59960
2002-12-21,49.500000,52.400002,45.099998,46.099998,46.099998,51570
2002-12-28,45.599998,48.900002,42.599998,48.000000,48.000000,73030
2003-01-04,48.599998,52.400002,47.599998,50.099998,50.099998,62680
2003-01-11,50.000000,51.099998,43.200001,44.400002,44.400002,60340
2003-01-18,45.000000,46.500000,40.599998,42.700001,42.700001,58510
2003-01-25,41.799999,63.400002,40.400002,51.299999,51.299999,904510
2003-02-01,51.400002,58.500000,46.000000,50.500000,50.500000,339290
2003-02-08,50.700001,54.500000,49.099998,51.000000,51.000000,125910
2003-02-15,51.700001,54.900002,51.099998,54.000000,54.000000,66530
2003-02-22,55.500000,57.500000,52.500000,53.500000,53.500000,146570
2003-03-01,54.700001,55.000000,49.400002,51.099998,51.099998,78290
2003-03-08,50.099998,51.400002,49.500000,49.500000,49.500000,72460
2003-03-15,47.799999,52.799999,47.500000,50.299999,50.299999,108620
2003-03-22,50.500000,52.900002,49.000000,49.500000,49.500000,66700
2003-03-29,48.500000,51.500000,48.099998,48.799999,48.799999,79790
2003-04-05,50.000000,51.700001,48.500000,49.099998,49.099998,40630
2003-04-12,49.099998,50.400002,48.500000,49.000000,49.000000,43000
2003-04-19,49.000000,54.799999,48.400002,50.799999,50.799999,86500
2003-04-26,51.799999,53.099998,48.900002,50.900002,50.900002,138470
2003-05-03,50.799999,53.700001,50.000000,50.900002,50.900002,153100
2003-05-10,51.200001,61.799999,50.000000,53.900002,53.900002,345530
2003-05-17,52.500000,56.400002,49.500000,50.799999,50.799999,137970
2003-05-24,50.500000,55.200001,50.299999,54.299999,54.299999,210810
2003-05-31,54.000000,57.099998,52.200001,55.400002,55.400002,130930
2003-06-07,54.000000,56.500000,50.099998,51.099998,51.099998,111380
2003-06-14,52.400002,53.700001,50.700001,50.799999,50.799999,126910
2003-06-21,51.000000,51.400002,47.400002,48.000000,48.000000,118370
2003-06-28,48.400002,48.900002,43.599998,45.599998,45.599998,109350
2003-07-05,46.700001,51.000000,44.400002,50.200001,50.200001,94800
2003-07-12,50.200001,51.200001,41.900002,46.500000,46.500000,111990
2003-07-19,45.099998,46.299999,43.099998,44.900002,44.900002,69870
2003-07-26,45.099998,48.599998,43.099998,44.099998,44.099998,74620
2003-08-02,44.099998,45.000000,38.500000,42.000000,42.000000,100270
2003-08-09,42.799999,52.099998,40.000000,51.599998,51.599998,523960
2003-08-16,53.099998,56.799999,45.500000,51.299999,51.299999,1064440
2003-08-23,51.299999,54.900002,49.799999,51.099998,51.099998,233810
2003-08-30,51.400002,52.500000,49.299999,51.500000,51.500000,113380
2003-09-06,51.599998,52.000000,48.500000,49.900002,49.900002,171970
2003-09-13,51.099998,53.000000,49.000000,52.700001,52.700001,201090
2003-09-20,51.400002,65.800003,50.200001,51.799999,51.799999,670970
2003-09-27,53.900002,63.900002,51.099998,59.799999,59.799999,285920
2003-10-04,60.099998,67.500000,60.000000,63.900002,63.900002,371360
2003-10-11,64.800003,75.000000,63.799999,64.500000,64.500000,372940
2003-10-18,63.200001,68.800003,58.500000,59.099998,59.099998,228400
2003-10-25,60.599998,66.000000,59.500000,63.200001,63.200001,155530
2003-11-01,63.900002,69.400002,60.000000,60.099998,60.099998,338500
2003-11-08,61.200001,61.700001,48.799999,55.799999,55.799999,1202880
2003-11-15,56.700001,56.700001,49.000000,50.299999,50.299999,389650
2003-11-22,51.500000,57.900002,49.799999,57.799999,57.799999,452810
2003-11-29,57.900002,62.799999,55.599998,61.299999,61.299999,532470
2003-12-06,61.200001,61.799999,56.599998,59.200001,59.200001,295590
2003-12-13,60.000000,65.000000,57.299999,64.400002,64.400002,259290
2003-12-20,65.099998,71.000000,63.799999,68.199997,68.199997,264580
2003-12-27,66.900002,77.400002,66.599998,74.800003,74.800003,246610
2004-01-03,77.300003,83.099998,74.699997,80.500000,80.500000,335150
2004-01-10,82.500000,106.500000,81.599998,95.500000,95.500000,782990
2004-01-17,98.000000,104.800003,90.900002,94.800003,94.800003,510020
2004-01-24,96.000000,101.000000,90.500000,94.400002,94.400002,579380
2004-01-31,94.500000,95.099998,81.500000,88.500000,88.500000,459040
2004-02-07,87.099998,98.000000,85.599998,92.800003,92.800003,231780
2004-02-14,93.000000,97.900002,88.800003,89.000000,89.000000,210450
2004-02-21,90.900002,90.900002,69.500000,70.599998,70.599998,778600
2004-02-28,69.500000,85.800003,68.099998,84.199997,84.199997,766020
2004-03-06,83.500000,84.400002,67.500000,77.199997,77.199997,377440
2004-03-13,76.300003,79.099998,70.599998,75.199997,75.199997,292480
2004-03-20,75.000000,76.500000,70.599998,75.400002,75.400002,229920
2004-03-27,76.500000,80.000000,74.099998,79.400002,79.400002,263060
2004-04-03,79.099998,83.900002,76.599998,81.900002,81.900002,182760
2004-04-10,84.000000,98.400002,82.699997,96.500000,96.500000,848040
2004-04-17,96.500000,102.400002,88.000000,91.400002,91.400002,697270
2004-04-24,90.400002,97.300003,77.500000,77.699997,77.699997,478010
2004-05-01,79.099998,84.000000,73.500000,76.000000,76.000000,362410
2004-05-08,76.099998,83.800003,72.500000,77.099998,77.099998,310190
2004-05-15,76.400002,79.000000,72.900002,76.099998,76.099998,254160
2004-05-22,76.400002,85.500000,73.000000,76.099998,76.099998,514400
2004-05-29,76.800003,80.300003,71.400002,71.900002,71.900002,370870
2004-06-05,72.099998,77.699997,72.099998,72.800003,72.800003,295410
2004-06-12,72.500000,76.099998,68.500000,70.400002,70.400002,277710
2004-06-19,71.000000,76.000000,69.900002,75.500000,75.500000,323880
2004-06-26,76.000000,76.199997,72.500000,72.699997,72.699997,171590
2004-07-03,72.900002,73.800003,64.400002,65.699997,65.699997,291500
2004-07-10,65.199997,67.199997,59.299999,60.500000,60.500000,445510
2004-07-17,60.200001,63.500000,54.200001,56.000000,56.000000,289760
2004-07-24,55.400002,64.000000,53.299999,62.400002,62.400002,314830
2004-07-31,61.099998,63.099998,50.500000,50.900002,50.900002,255990
2004-08-07,51.900002,52.400002,46.200001,49.400002,49.400002,306450
2004-08-14,50.099998,58.000000,48.500000,57.099998,57.099998,255740
2004-08-21,58.700001,63.000000,56.700001,62.200001,62.200001,268550
2004-08-28,62.900002,69.500000,61.500000,65.699997,65.699997,305650
2004-09-04,64.699997,67.500000,61.299999,63.900002,63.900002,183450
2004-09-11,64.500000,64.800003,59.400002,59.599998,59.599998,221990
2004-09-18,59.200001,63.000000,57.000000,59.299999,59.299999,353410
2004-09-25,59.799999,64.900002,56.599998,63.900002,63.900002,353720
2004-10-02,64.500000,70.900002,63.599998,65.800003,65.800003,489310
2004-10-09,67.300003,72.699997,66.199997,68.099998,68.099998,524130
2004-10-16,68.699997,72.000000,66.900002,69.599998,69.599998,296590
2004-10-23,70.500000,70.900002,59.099998,59.900002,59.900002,407940
2004-10-30,59.700001,65.000000,57.500000,57.900002,57.900002,456840
2004-11-06,58.500000,59.900002,56.599998,59.099998,59.099998,255000
2004-11-13,59.099998,62.000000,57.500000,58.200001,58.200001,251060
2004-11-20,57.500000,58.799999,55.200001,58.099998,58.099998,182410
2004-11-27,58.500000,60.900002,56.900002,57.900002,57.900002,237070
2004-12-04,58.200001,59.200001,54.500000,55.099998,55.099998,237590
2004-12-11,55.000000,58.500000,54.500000,56.700001,56.700001,353710
2004-12-18,56.700001,59.599998,56.000000,59.500000,59.500000,221070
2004-12-25,59.200001,62.500000,57.500000,61.099998,61.099998,287790
2005-01-01,62.599998,62.599998,52.400002,52.900002,52.900002,272140
2005-01-08,52.599998,57.400002,51.099998,56.200001,56.200001,332220
2005-01-15,56.400002,58.200001,52.700001,53.000000,53.000000,156100
2005-01-22,53.200001,54.700001,51.799999,52.700001,52.700001,135920
2005-01-29,53.799999,61.000000,53.200001,58.799999,58.799999,358370
2005-02-05,58.599998,59.200001,54.799999,58.400002,58.400002,209470
2005-02-12,59.000000,65.000000,55.099998,62.200001,62.200001,431200
2005-02-19,63.299999,76.699997,61.099998,73.699997,73.699997,848950
2005-02-26,72.400002,82.000000,67.699997,75.400002,75.400002,693120
2005-03-05,75.500000,77.500000,71.000000,72.500000,72.500000,374410
2005-03-12,71.800003,75.400002,67.099998,70.599998,70.599998,330860
2005-03-19,70.300003,71.400002,63.900002,66.099998,66.099998,242260
2005-03-26,67.000000,68.300003,60.700001,64.099998,64.099998,291420
2005-04-02,65.500000,67.000000,60.099998,60.500000,60.500000,190140
2005-04-09,60.500000,62.000000,56.400002,57.000000,57.000000,292870
2005-04-16,56.799999,68.000000,56.599998,60.299999,60.299999,394220
2005-04-23,61.000000,62.900002,54.700001,55.500000,55.500000,344300
2005-04-30,56.299999,61.799999,52.099998,56.700001,56.700001,334070
2005-05-07,57.400002,58.000000,55.000000,56.000000,56.000000,160920
2005-05-14,56.299999,58.900002,54.500000,56.900002,56.900002,174870
2005-05-21,56.400002,65.800003,56.400002,63.099998,63.099998,317930
2005-05-28,62.799999,64.800003,60.599998,60.599998,60.599998,161060
2005-06-04,60.099998,63.599998,60.099998,60.500000,60.500000,194070
2005-06-11,60.200001,74.900002,59.599998,74.500000,74.500000,639500
2005-06-18,75.000000,76.300003,70.099998,71.300003,71.300003,390850
2005-06-25,70.300003,74.300003,66.099998,67.599998,67.599998,264720
2005-07-02,61.099998,63.200001,58.500000,60.799999,60.799999,572480
2005-07-09,60.500000,68.599998,58.700001,65.000000,65.000000,557260
2005-07-16,66.099998,67.400002,62.000000,65.699997,65.699997,279910
2005-07-23,65.599998,75.000000,64.300003,71.500000,71.500000,569740
2005-07-30,72.000000,74.500000,62.400002,63.000000,63.000000,845240
2005-08-06,63.500000,64.900002,62.500000,63.099998,63.099998,551380
2005-08-13,63.000000,63.400002,60.500000,61.000000,61.000000,229240
2005-08-20,61.200001,66.699997,61.000000,62.299999,62.299999,331380
2005-08-27,62.200001,77.300003,61.500000,69.699997,69.699997,1128060
2005-09-03,70.000000,74.300003,68.500000,71.900002,71.900002,270140
2005-09-10,71.500000,72.900002,62.599998,64.699997,64.699997,381770
2005-09-17,65.699997,70.800003,62.500000,66.800003,66.800003,501310
2005-09-24,66.800003,69.500000,64.699997,68.000000,68.000000,297380
2005-10-01,68.099998,71.199997,64.000000,64.699997,64.699997,401640
2005-10-08,64.400002,66.000000,59.799999,60.500000,60.500000,268740
2005-10-15,60.599998,63.700001,59.900002,60.700001,60.700001,212850
2005-10-22,61.000000,62.599998,54.500000,58.900002,58.900002,340130
2005-10-29,59.200001,59.200001,55.000000,57.000000,57.000000,362930
2005-11-05,56.799999,60.500000,56.500000,57.700001,57.700001,249650
2005-11-12,57.200001,58.500000,51.200001,52.200001,52.200001,446470
2005-11-19,52.200001,53.200001,48.400002,51.700001,51.700001,583100
2005-11-26,52.099998,53.799999,49.500000,52.700001,52.700001,670550
2005-12-03,54.400002,58.299999,53.400002,57.200001,57.200001,545400
2005-12-10,57.500000,62.400002,55.200001,56.299999,56.299999,851830
2005-12-17,56.599998,56.799999,52.500000,53.799999,53.799999,375350
2005-12-24,53.500000,54.000000,51.000000,51.299999,51.299999,296000
2005-12-31,52.299999,55.799999,50.900002,53.599998,53.599998,241160
2006-01-07,53.500000,57.200001,52.599998,56.099998,56.099998,398270
2006-01-14,56.000000,57.299999,53.599998,54.000000,54.000000,298840
2006-01-21,54.599998,57.900002,53.500000,55.500000,55.500000,340980
2006-01-28,55.500000,61.299999,53.000000,54.599998,54.599998,941020
2006-02-04,54.900002,55.200001,51.500000,52.900002,52.900002,415510
2006-02-11,52.500000,54.400002,51.500000,53.799999,53.799999,292190
2006-02-18,54.299999,59.200001,54.000000,58.700001,58.700001,461580
2006-02-25,59.099998,59.799999,48.500000,50.700001,50.700001,1045310
2006-03-04,51.200001,51.200001,45.500000,45.900002,45.900002,565140
2006-03-11,46.299999,51.500000,45.799999,46.900002,46.900002,865690
2006-03-18,46.599998,50.099998,45.599998,50.099998,50.099998,361800
2006-03-25,48.700001,51.000000,48.000000,50.000000,50.000000,709680
2006-04-01,50.200001,51.000000,48.000000,49.099998,49.099998,478570
2006-04-08,49.500000,64.500000,48.200001,57.900002,57.900002,3400950
2006-04-15,57.799999,63.500000,57.000000,61.700001,61.700001,884870
2006-04-22,62.900002,66.000000,57.500000,60.000000,60.000000,745280
2006-04-29,60.099998,62.200001,58.900002,61.200001,61.200001,410940
2006-05-06,61.299999,63.799999,54.500000,54.500000,54.500000,464980
2006-05-13,54.700001,55.500000,51.299999,52.700001,52.700001,388240
2006-05-20,52.400002,55.000000,50.000000,54.700001,54.700001,356780
2006-05-27,53.400002,54.299999,50.000000,52.299999,52.299999,282910
2006-06-03,52.500000,53.400002,49.200001,50.400002,50.400002,344950
2006-06-10,50.500000,52.599998,47.400002,49.900002,49.900002,468110
2006-06-17,50.500000,50.500000,47.700001,49.500000,49.500000,230320
2006-06-24,50.099998,50.500000,45.000000,46.700001,46.700001,641740
2006-07-01,47.400002,48.900002,46.000000,46.500000,46.500000,187980
2006-07-08,46.599998,47.900002,41.599998,42.200001,42.200001,327070
2006-07-15,43.200001,44.500000,37.700001,39.799999,39.799999,415820
2006-07-22,40.000000,45.599998,35.299999,38.400002,38.400002,464600
2006-07-29,38.000000,42.500000,37.799999,41.000000,41.000000,299860
2006-08-05,41.000000,41.000000,37.700001,39.000000,39.000000,280930
2006-08-12,39.000000,44.900002,39.000000,44.900002,44.900002,210600
2006-08-19,45.000000,47.400002,43.299999,46.000000,46.000000,207710
2006-08-26,46.400002,48.099998,44.599998,47.000000,47.000000,189470
2006-09-02,46.500000,47.900002,43.799999,45.000000,45.000000,163230
2006-09-09,44.599998,47.500000,43.200001,43.700001,43.700001,219090
2006-09-16,43.500000,45.799999,37.700001,38.000000,38.000000,399720
2006-09-23,38.400002,44.000000,38.099998,40.700001,40.700001,651630
2006-09-30,40.799999,41.200001,38.500000,40.299999,40.299999,307150
2006-10-07,40.200001,44.500000,39.599998,44.000000,44.000000,205490
2006-10-14,43.700001,45.000000,41.500000,42.500000,42.500000,166990
2006-10-21,43.000000,43.799999,40.000000,40.900002,40.900002,392290
2006-10-28,40.400002,40.799999,37.700001,39.099998,39.099998,363450
2006-11-04,40.000000,42.000000,38.900002,41.900002,41.900002,421260
2006-11-11,41.900002,43.000000,40.700001,41.500000,41.500000,264390
2006-11-18,41.200001,42.799999,40.400002,40.900002,40.900002,179760
2006-11-25,40.299999,40.900002,38.799999,40.599998,40.599998,299830
2006-12-02,40.299999,41.900002,38.900002,38.900002,38.900002,258390
2006-12-09,38.799999,41.500000,36.799999,40.599998,40.599998,480950
2006-12-16,41.000000,41.000000,38.400002,39.200001,39.200001,254230
2006-12-23,39.200001,39.500000,37.500000,38.900002,38.900002,481020
2006-12-30,39.000000,39.400002,37.900002,38.099998,38.099998,193660
2007-01-06,38.000000,38.299999,32.500000,36.799999,36.799999,477720
2007-01-13,36.799999,36.799999,34.700001,35.700001,35.700001,241210
2007-01-20,36.000000,37.599998,33.900002,35.200001,35.200001,377050
2007-01-27,35.099998,37.299999,35.000000,37.299999,37.299999,224970
2007-02-03,37.299999,39.799999,37.000000,37.200001,37.200001,322480
2007-02-10,37.500000,38.299999,35.799999,37.700001,37.700001,346190
2007-02-17,37.200001,39.700001,36.700001,37.700001,37.700001,385420
2007-02-24,37.599998,38.099998,27.900000,30.000000,30.000000,730590
2007-03-03,30.000000,30.600000,28.000000,30.000000,30.000000,581740
2007-03-10,30.200001,30.700001,27.700001,30.000000,30.000000,489400
2007-03-17,30.100000,31.900000,29.299999,31.299999,31.299999,445090
2007-03-24,31.200001,32.400002,30.200001,31.600000,31.600000,472910
2007-03-31,32.099998,34.000000,31.000000,33.000000,33.000000,302840
2007-04-07,33.000000,33.799999,31.000000,32.400002,32.400002,294220
2007-04-14,32.500000,33.799999,31.400000,32.599998,32.599998,288330
2007-04-21,33.000000,33.000000,31.100000,33.000000,33.000000,266320
2007-04-28,32.700001,33.299999,31.299999,32.599998,32.599998,253760
2007-05-05,32.700001,35.299999,31.500000,32.599998,32.599998,323610
2007-05-12,32.900002,33.000000,29.500000,30.200001,30.200001,293660
2007-05-19,30.700001,31.600000,29.799999,30.000000,30.000000,184260
2007-05-26,30.500000,31.900000,29.000000,30.600000,30.600000,203000
2007-06-02,30.400000,31.500000,29.000000,29.500000,29.500000,210750
2007-06-09,30.000000,30.600000,29.000000,29.600000,29.600000,306810
2007-06-16,30.200001,31.200001,29.600000,30.500000,30.500000,909100
2007-06-23,30.600000,32.700001,29.200001,31.400000,31.400000,400680
2007-06-30,31.900000,32.500000,30.900000,31.200001,31.200001,178090
2007-07-07,31.200001,33.400002,30.900000,32.500000,32.500000,297210
2007-07-14,32.599998,33.000000,31.000000,31.500000,31.500000,163440
2007-07-21,31.500000,32.000000,29.000000,29.000000,29.000000,303940
2007-07-28,29.100000,30.500000,27.500000,27.600000,27.600000,225280
2007-08-04,28.799999,31.000000,25.600000,27.700001,27.700001,640400
2007-08-11,29.000000,29.000000,24.299999,25.700001,25.700001,274540
2007-08-18,25.700001,26.500000,24.200001,24.900000,24.900000,211200
2007-08-25,24.900000,27.100000,24.700001,27.000000,27.000000,182010
2007-09-01,27.299999,27.600000,26.299999,27.299999,27.299999,127640
2007-09-08,27.200001,27.600000,26.500000,27.500000,27.500000,130560
2007-09-15,27.200001,29.600000,26.200001,29.600000,29.600000,246770
2007-09-22,29.700001,31.000000,27.799999,31.000000,31.000000,281730
2007-09-29,31.000000,31.000000,29.600000,30.700001,30.700001,175120
2007-10-06,30.900000,31.400000,30.000000,30.700001,30.700001,189500
2007-10-13,31.000000,31.600000,29.500000,29.700001,29.700001,174070
2007-10-20,45.599998,47.500000,31.100000,33.299999,33.299999,2326200
2007-10-27,33.599998,35.400002,33.000000,33.599998,33.599998,403430
2007-11-03,32.900002,37.599998,31.500000,35.400002,35.400002,444390
2007-11-10,35.299999,38.900002,33.500000,36.700001,36.700001,390410
2007-11-17,36.500000,37.500000,34.099998,35.400002,35.400002,165690
2007-11-24,36.000000,38.400002,35.000000,36.200001,36.200001,353530
2007-12-01,36.200001,38.599998,34.500000,38.400002,38.400002,268890
2007-12-08,38.500000,45.500000,37.500000,43.900002,43.900002,664070
2007-12-15,44.400002,44.400002,35.900002,37.599998,37.599998,507510
2007-12-22,37.900002,42.799999,37.799999,37.799999,37.799999,348660
2007-12-29,38.000000,41.900002,38.000000,39.400002,39.400002,318260
2008-01-05,39.200001,39.599998,31.400000,32.299999,32.299999,421220
2008-01-12,32.200001,34.200001,27.299999,27.299999,27.299999,281660
2008-01-19,26.000000,29.799999,25.100000,27.600000,27.600000,287430
2008-01-26,27.200001,29.799999,26.500000,29.700001,29.700001,314780
2008-02-02,30.200001,34.200001,28.700001,32.099998,32.099998,271300
2008-02-09,31.900000,32.900002,28.500000,29.000000,29.000000,305490
2008-02-16,29.500000,30.900000,27.500000,28.799999,28.799999,149940
2008-02-23,28.500000,31.500000,28.200001,30.100000,30.100000,149380
2008-03-01,30.100000,31.500000,29.000000,29.000000,29.000000,219530
2008-03-08,30.299999,30.299999,28.200001,29.299999,29.299999,156750
2008-03-15,29.299999,33.299999,27.799999,33.299999,33.299999,130130
2008-03-22,30.600000,33.700001,28.600000,33.299999,33.299999,279100
2008-03-29,32.799999,35.700001,30.700001,35.500000,35.500000,241100
2008-04-05,35.400002,36.200001,34.000000,34.400002,34.400002,157940
2008-04-12,34.200001,36.000000,32.099998,34.400002,34.400002,132160
2008-04-19,34.599998,35.099998,31.100000,32.099998,32.099998,177080
2008-04-26,32.400002,33.000000,30.000000,31.500000,31.500000,197470
2008-05-03,31.799999,32.500000,29.900000,31.600000,31.600000,261600
2008-05-10,31.900000,31.900000,30.400000,31.600000,31.600000,196900
2008-05-17,31.299999,33.299999,31.299999,31.299999,31.299999,216580
2008-05-24,31.600000,32.200001,30.100000,31.400000,31.400000,202570
2008-05-31,31.400000,31.400000,27.100000,27.799999,27.799999,298690
2008-06-07,28.000000,28.299999,24.799999,25.299999,25.299999,275790
2008-06-14,25.200001,27.900000,23.100000,27.900000,27.900000,269420
2008-06-21,28.299999,28.600000,23.000000,25.100000,25.100000,1400820
2008-06-28,25.100000,26.100000,19.700001,20.500000,20.500000,295130
2008-07-05,20.900000,21.500000,18.500000,18.700001,18.700001,239970
2008-07-12,19.100000,22.600000,18.200001,22.500000,22.500000,457620
2008-07-19,22.600000,24.799999,21.700001,24.100000,24.100000,168440
2008-07-26,23.900000,25.200001,21.200001,23.400000,23.400000,175820
2008-08-02,23.299999,24.100000,20.200001,23.700001,23.700001,226180
2008-08-09,23.799999,27.400000,21.900000,25.600000,25.600000,206620
2008-08-16,26.000000,29.500000,25.500000,28.700001,28.700001,178470
2008-08-23,28.799999,29.299999,27.000000,27.100000,27.100000,117000
2008-08-30,28.100000,28.299999,22.400000,22.700001,22.700001,137650
2008-09-06,23.500000,23.799999,18.600000,20.700001,20.700001,317990
2008-09-13,20.500000,26.500000,20.000000,24.900000,24.900000,530210
2008-09-20,22.600000,22.900000,15.900000,17.799999,17.799999,341190
2008-09-27,17.799999,17.799999,9.000000,10.900000,10.900000,1082960
2008-10-04,10.900000,10.900000,6.400000,6.900000,6.900000,386970
2008-10-11,8.100000,12.900000,7.700000,10.100000,10.100000,358810
2008-10-18,10.500000,10.900000,8.400000,8.800000,8.800000,184990
2008-10-25,8.700000,9.800000,7.600000,9.800000,9.800000,267350
2008-11-01,10.200000,10.700000,8.500000,8.700000,8.700000,183250
2008-11-08,9.800000,9.800000,7.500000,7.500000,7.500000,175900
2008-11-15,7.500000,8.100000,6.600000,7.700000,7.700000,146540
2008-11-22,7.800000,10.300000,7.600000,10.300000,10.300000,122330
2008-11-29,10.500000,10.700000,8.700000,10.700000,10.700000,139480
2008-12-06,10.500000,13.500000,10.500000,12.600000,12.600000,187630
2008-12-13,12.600000,15.500000,9.000000,9.000000,9.000000,399160
2008-12-20,9.300000,11.000000,9.100000,10.600000,10.600000,103270
2008-12-27,10.500000,10.800000,9.000000,10.400000,10.400000,143470
2009-01-03,10.200000,11.500000,10.100000,10.900000,10.900000,145270
2009-01-10,10.900000,11.400000,9.500000,10.100000,10.100000,95600
2009-01-17,9.700000,10.100000,8.100000,8.500000,8.500000,127590
2009-01-24,8.600000,9.900000,8.500000,9.000000,9.000000,74330
2009-01-31,9.100000,10.900000,9.100000,10.400000,10.400000,102570
2009-02-07,10.100000,10.500000,8.000000,9.300000,9.300000,75340
2009-02-14,9.400000,9.400000,7.800000,7.900000,7.900000,80300
2009-02-21,7.800000,9.600000,7.800000,9.600000,9.600000,311250
2009-02-28,9.100000,9.200000,7.000000,7.100000,7.100000,167700
2009-03-07,6.900000,8.800000,6.800000,8.500000,8.500000,109940
2009-03-14,8.500000,9.200000,7.500000,7.500000,7.500000,148430
2009-03-21,8.500000,10.500000,8.000000,9.400000,9.400000,233140
2009-03-28,8.100000,9.500000,7.200000,9.400000,9.400000,267590
2009-04-04,9.400000,10.100000,8.700000,10.100000,10.100000,100070
2009-04-11,9.500000,10.700000,9.300000,10.500000,10.500000,174490
2009-04-18,10.500000,11.500000,9.200000,9.800000,9.800000,155230
2009-04-25,9.500000,10.600000,9.400000,9.800000,9.800000,135550
2009-05-02,10.000000,10.700000,9.000000,10.100000,10.100000,187320
2009-05-09,10.000000,10.200000,9.000000,9.000000,9.000000,116260
2009-05-16,9.100000,9.500000,8.900000,9.200000,9.200000,93710
2009-05-23,9.100000,9.800000,9.000000,9.300000,9.300000,83600
2009-05-30,9.300000,10.200000,9.100000,9.500000,9.500000,144220
2009-06-06,9.600000,12.200000,9.100000,10.500000,10.500000,345510
2009-06-13,10.500000,10.500000,9.000000,9.300000,9.300000,223610
2009-06-20,9.300000,9.500000,7.300000,7.300000,7.300000,2202410
2009-06-27,8.200000,9.200000,7.700000,8.600000,8.600000,413830
2009-07-04,8.400000,8.800000,7.300000,7.400000,7.400000,229590
2009-07-11,7.400000,8.000000,7.200000,7.700000,7.700000,135500
2009-07-18,7.600000,8.100000,7.300000,7.700000,7.700000,167910
2009-07-25,7.700000,8.400000,7.500000,7.900000,7.900000,163120
2009-08-01,7.700000,8.200000,7.500000,7.600000,7.600000,150350
2009-08-08,7.700000,7.900000,7.500000,7.600000,7.600000,159330
2009-08-15,7.400000,7.800000,7.200000,7.500000,7.500000,329750
2009-08-22,7.500000,7.800000,7.000000,7.100000,7.100000,475310
2009-08-29,7.300000,7.300000,6.600000,7.000000,7.000000,256330
2009-09-05,7.000000,7.600000,6.800000,7.500000,7.500000,187940
2009-09-12,7.500000,8.000000,7.500000,7.600000,7.600000,218400
2009-09-19,7.600000,8.500000,7.500000,8.100000,8.100000,371270
2009-09-26,8.300000,9.700000,7.900000,8.800000,8.800000,783190
2009-10-03,8.800000,13.300000,8.400000,10.900000,10.900000,1660210
2009-10-10,11.500000,13.500000,10.800000,11.500000,11.500000,816100
2009-10-17,11.900000,11.900000,10.100000,10.500000,10.500000,505210
2009-10-24,10.300000,10.700000,8.400000,8.600000,8.600000,302450
2009-10-31,9.300000,9.400000,8.500000,8.800000,8.800000,135660
2009-11-07,8.500000,9.300000,8.500000,8.900000,8.900000,123530
2009-11-14,9.000000,9.000000,8.200000,8.200000,8.200000,119350
2009-11-21,8.200000,8.400000,7.700000,7.800000,7.800000,78500
2009-11-28,7.900000,8.100000,7.500000,7.600000,7.600000,126830
2009-12-05,8.000000,8.000000,7.000000,7.100000,7.100000,175040
2009-12-12,7.000000,7.200000,6.500000,6.800000,6.800000,149260
2009-12-19,6.900000,7.600000,6.800000,7.000000,7.000000,124400
2009-12-26,7.000000,8.100000,6.700000,7.100000,7.100000,684130
2010-01-02,7.400000,7.600000,6.500000,6.800000,6.800000,654090
2010-01-09,7.000000,7.100000,6.400000,6.600000,6.600000,392340
2010-01-16,6.800000,6.800000,5.400000,5.700000,5.700000,348090
2010-01-23,5.800000,6.000000,5.600000,5.800000,5.800000,228230
2010-01-30,5.900000,6.500000,5.000000,5.200000,5.200000,477760
2010-02-06,5.300000,5.500000,4.900000,5.300000,5.300000,196890
2010-02-13,5.400000,5.700000,5.000000,5.400000,5.400000,277790
2010-02-20,5.500000,5.600000,4.900000,5.300000,5.300000,207680
2010-02-27,5.400000,5.500000,5.200000,5.500000,5.500000,144650
2010-03-06,5.500000,6.300000,5.400000,6.200000,6.200000,578280
2010-03-13,6.300000,6.500000,5.600000,5.800000,5.800000,314860
2010-03-20,5.800000,7.500000,5.800000,7.400000,7.400000,864250
2010-03-27,7.200000,7.200000,5.900000,6.600000,6.600000,1722910
2010-04-03,6.700000,7.300000,6.600000,6.900000,6.900000,288840
2010-04-10,6.800000,6.900000,6.200000,6.600000,6.600000,382610
2010-04-17,6.600000,6.700000,6.200000,6.500000,6.500000,262030
2010-04-24,6.600000,6.900000,6.300000,6.600000,6.600000,239970
2010-05-01,6.500000,6.500000,5.500000,5.800000,5.800000,243870
2010-05-08,6.100000,6.100000,4.800000,5.200000,5.200000,321960
2010-05-15,5.200000,5.300000,4.700000,4.700000,4.700000,284300
2010-05-22,4.700000,4.900000,3.600000,4.200000,4.200000,749990
2010-05-29,4.400000,4.400000,3.800000,3.800000,3.800000,231270
2010-06-05,3.900000,4.300000,3.600000,3.800000,3.800000,204790
2010-06-12,4.000000,5.300000,3.900000,5.000000,5.000000,302840
2010-06-19,5.000000,6.300000,4.700000,5.100000,5.100000,659010
2010-06-26,5.200000,5.200000,4.000000,4.600000,4.600000,172230
2010-07-03,4.500000,4.700000,4.100000,4.500000,4.500000,65300
2010-07-10,4.400000,5.700000,4.400000,4.700000,4.700000,128730
2010-07-17,4.700000,4.900000,4.300000,4.400000,4.400000,81740
2010-07-24,4.500000,5.200000,4.400000,4.600000,4.600000,126960
2010-07-31,4.800000,5.000000,4.300000,4.500000,4.500000,173360
2010-08-07,4.500000,4.900000,4.200000,4.200000,4.200000,170160
2010-08-14,4.200000,4.500000,4.100000,4.100000,4.100000,61760
2010-08-21,4.100000,4.300000,4.000000,4.200000,4.200000,96540
2010-08-28,4.300000,4.400000,3.800000,3.900000,3.900000,93600
2010-09-04,3.900000,4.200000,3.700000,3.900000,3.900000,89350
2010-09-11,4.100000,4.200000,3.800000,3.800000,3.800000,79430
2010-09-18,3.900000,4.300000,3.800000,3.900000,3.900000,125360
2010-09-25,3.900000,4.100000,3.800000,3.900000,3.900000,132110
2010-10-02,3.900000,4.100000,3.700000,3.900000,3.900000,122270
2010-10-09,3.800000,5.200000,3.700000,4.500000,4.500000,485790
2010-10-16,4.500000,4.900000,4.000000,4.400000,4.400000,228190
2010-10-23,4.100000,5.600000,4.100000,5.000000,5.000000,330870
2010-10-30,5.100000,5.700000,4.700000,5.400000,5.400000,299480
2010-11-06,5.200000,5.500000,4.700000,4.800000,4.800000,216390
2010-11-13,4.800000,5.000000,4.400000,4.900000,4.900000,171660
2010-11-20,5.000000,5.000000,4.100000,4.500000,4.500000,139290
2010-11-27,4.600000,4.600000,3.900000,4.000000,4.000000,199710
2010-12-04,4.000000,4.200000,3.600000,3.900000,3.900000,280390
2010-12-11,3.900000,3.900000,3.700000,3.900000,3.900000,147030
2010-12-18,4.000000,4.100000,3.800000,3.900000,3.900000,198310
2010-12-25,3.900000,4.000000,3.700000,3.700000,3.700000,233130
2011-01-01,3.800000,4.900000,3.600000,4.300000,4.300000,524100
2011-01-08,4.500000,7.700000,4.300000,7.200000,7.200000,1431990
2011-01-15,7.500000,10.700000,6.800000,7.900000,7.900000,2517510
2011-01-22,8.400000,8.500000,6.700000,7.500000,7.500000,729430
2011-01-29,7.600000,9.200000,7.400000,8.200000,8.200000,1091750
2011-02-05,8.200000,8.600000,7.700000,7.900000,7.900000,465330
2011-02-12,7.900000,8.400000,7.700000,8.000000,8.000000,298170
2011-02-19,7.900000,7.900000,7.100000,7.400000,7.400000,303460
2011-02-26,7.500000,7.800000,6.600000,6.900000,6.900000,265780
2011-03-05,6.800000,7.800000,6.000000,6.500000,6.500000,338800
2011-03-12,6.400000,6.500000,5.700000,6.200000,6.200000,222090
2011-03-19,6.400000,6.800000,6.300000,6.500000,6.500000,161630
2011-03-26,6.600000,8.000000,6.200000,7.600000,7.600000,571360
2011-04-02,7.300000,7.500000,6.600000,6.800000,6.800000,349170
2011-04-09,6.800000,7.000000,5.900000,6.000000,6.000000,243330
2011-04-16,5.800000,5.900000,4.200000,5.000000,5.000000,771140
2011-04-23,5.100000,6.200000,5.000000,5.700000,5.700000,410570
2011-04-30,6.000000,6.000000,5.000000,5.200000,5.200000,130270
2011-05-07,5.200000,5.700000,5.000000,5.500000,5.500000,300150
2011-05-14,5.500000,5.870000,3.700000,3.820000,3.820000,546340
2011-05-21,3.900000,3.900000,2.230000,2.340000,2.340000,5412000
2011-05-28,2.420000,2.490000,2.240000,2.340000,2.340000,1472700
2011-06-04,2.300000,2.350000,1.910000,2.200000,2.200000,2478900
2011-06-11,2.200000,2.350000,2.160000,2.340000,2.340000,1079400
2011-06-18,2.360000,2.460000,2.110000,2.300000,2.300000,1724800
2011-06-25,2.340000,2.400000,2.210000,2.330000,2.330000,1688500
2011-07-02,2.310000,2.340000,2.160000,2.210000,2.210000,664500
2011-07-09,2.140000,2.340000,2.020000,2.300000,2.300000,1822900
2011-07-16,2.290000,2.630000,2.170000,2.370000,2.370000,5383700
2011-07-23,2.340000,2.380000,2.100000,2.350000,2.350000,1732000
2011-07-30,2.400000,2.420000,1.760000,1.850000,1.850000,1818800
2011-08-06,1.800000,1.880000,1.350000,1.680000,1.680000,2525700
2011-08-13,1.680000,1.960000,1.540000,1.580000,1.580000,1369300
2011-08-20,1.630000,1.780000,1.530000,1.670000,1.670000,862100
2011-08-27,1.660000,1.850000,1.650000,1.770000,1.770000,837800
2011-09-03,1.690000,1.890000,1.620000,1.710000,1.710000,534100
2011-09-10,1.680000,2.180000,1.660000,1.960000,1.960000,1054300
2011-09-17,1.940000,2.050000,1.700000,1.750000,1.750000,778000
2011-09-24,1.800000,1.950000,1.710000,1.820000,1.820000,387600
2011-10-01,1.800000,1.920000,1.500000,1.790000,1.790000,538300
2011-10-08,1.820000,1.960000,1.700000,1.940000,1.940000,335500
2011-10-15,1.940000,2.310000,1.830000,2.190000,2.190000,1053500
2011-10-22,2.230000,2.330000,2.000000,2.300000,2.300000,1473500
2011-10-29,2.350000,2.360000,2.120000,2.250000,2.250000,1084100
2011-11-05,2.240000,2.710000,2.120000,2.610000,2.610000,2849500
2011-11-12,2.600000,2.690000,2.320000,2.370000,2.370000,1318100
2011-11-19,2.280000,2.280000,1.920000,2.070000,2.070000,708400
2011-11-26,2.190000,2.350000,2.080000,2.280000,2.280000,1005300
2011-12-03,2.340000,2.400000,2.110000,2.250000,2.250000,1028100
2011-12-10,2.240000,2.280000,2.050000,2.080000,2.080000,504800
2011-12-17,2.110000,2.170000,2.000000,2.140000,2.140000,572900
2011-12-24,2.130000,2.140000,1.950000,2.040000,2.040000,432000
2011-12-31,2.060000,2.080000,1.880000,1.930000,1.930000,402700
2012-01-07,1.920000,2.030000,1.800000,1.950000,1.950000,534900
2012-01-14,1.950000,2.010000,1.920000,2.000000,2.000000,237100
2012-01-21,2.000000,2.050000,1.950000,2.000000,2.000000,271000
2012-01-28,2.000000,2.090000,1.920000,2.030000,2.030000,774900
2012-02-04,2.030000,2.420000,2.020000,2.270000,2.270000,1807000
2012-02-11,2.280000,2.390000,2.210000,2.310000,2.310000,574400
2012-02-18,2.310000,2.600000,2.250000,2.380000,2.380000,1370800
2012-02-25,2.380000,2.450000,2.050000,2.070000,2.070000,997200
2012-03-03,2.120000,2.140000,1.760000,1.770000,1.770000,1394700
2012-03-10,1.800000,1.820000,1.700000,1.800000,1.800000,1472500
2012-03-17,1.760000,1.800000,1.260000,1.400000,1.400000,4553800
2012-03-24,1.400000,1.470000,1.260000,1.310000,1.310000,2928800
2012-03-31,1.340000,1.340000,1.210000,1.270000,1.270000,1398300
2012-04-07,1.260000,1.410000,1.110000,1.270000,1.270000,2128500
2012-04-14,1.300000,1.310000,1.210000,1.220000,1.220000,494900
2012-04-21,1.230000,1.290000,1.190000,1.240000,1.240000,387300
2012-04-28,1.230000,1.330000,1.230000,1.280000,1.280000,546900
2012-05-05,1.250000,1.310000,1.200000,1.280000,1.280000,710900
2012-05-12,1.270000,1.310000,1.150000,1.170000,1.170000,883800
2012-05-19,1.150000,1.220000,1.120000,1.190000,1.190000,755300
2012-05-26,1.220000,1.220000,1.150000,1.170000,1.170000,297100
2012-06-02,1.150000,1.220000,1.150000,1.180000,1.180000,333600
2012-06-09,1.160000,1.200000,1.140000,1.140000,1.140000,327400
2012-06-16,1.150000,1.170000,1.110000,1.150000,1.150000,398000
2012-06-23,1.130000,1.160000,1.100000,1.140000,1.140000,471100
2012-06-30,1.160000,1.170000,1.110000,1.130000,1.130000,205400
2012-07-07,1.130000,1.170000,1.100000,1.110000,1.110000,265400
2012-07-14,1.130000,1.220000,1.100000,1.170000,1.170000,1232400
2012-07-21,1.170000,1.180000,1.100000,1.170000,1.170000,401800
2012-07-28,1.150000,1.250000,1.150000,1.200000,1.200000,710900
2012-08-04,1.230000,1.300000,1.170000,1.220000,1.220000,542600
2012-08-11,1.240000,1.240000,1.000000,1.050000,1.050000,849200
2012-08-18,1.070000,1.110000,1.020000,1.060000,1.060000,259300
2012-08-25,1.050000,1.090000,0.920000,0.960000,0.960000,306400
2012-09-01,0.940000,0.970000,0.760000,0.820000,0.820000,632200
2012-09-08,0.850000,0.900000,0.810000,0.880000,0.880000,379100
2012-09-15,0.890000,0.890000,0.810000,0.810000,0.810000,440900
2012-09-22,0.800000,0.860000,0.800000,0.830000,0.830000,297300
2012-09-29,0.830000,0.910000,0.820000,0.840000,0.840000,263800
2012-10-06,0.850000,0.920000,0.830000,0.900000,0.900000,450300
2012-10-13,0.910000,0.910000,0.750000,0.750000,0.750000,419400
2012-10-20,0.710000,0.800000,0.670000,0.740000,0.740000,534900
2012-10-27,0.730000,0.810000,0.730000,0.790000,0.790000,102800
2012-11-03,0.790000,0.810000,0.750000,0.750000,0.750000,205300
2012-11-10,0.750000,0.790000,0.670000,0.720000,0.720000,264300
2012-11-17,0.680000,0.720000,0.590000,0.610000,0.610000,486300
2012-11-24,0.600000,0.700000,0.590000,0.620000,0.620000,702600
2012-12-01,0.690000,0.690000,0.610000,0.650000,0.650000,331500
2012-12-08,0.620000,0.650000,0.590000,0.630000,0.630000,318300
2012-12-15,0.650000,0.650000,0.570000,0.570000,0.570000,627400
2012-12-22,0.580000,0.600000,0.540000,0.540000,0.540000,769100
2012-12-29,0.500000,0.530000,0.470000,0.530000,0.530000,1394200
2013-01-05,0.530000,0.760000,0.510000,0.650000,0.650000,1520300
2013-01-12,0.630000,0.670000,0.470000,0.490000,0.490000,2309400
2013-01-19,0.480000,0.490000,0.440000,0.490000,0.490000,818100
2013-01-26,0.510000,0.510000,0.440000,0.440000,0.440000,754100
2013-02-02,0.440000,0.460000,0.360000,0.400000,0.400000,1413900
2013-02-09,0.410000,0.410000,0.120000,0.140000,0.140000,39646400
2013-02-16,0.150000,0.160000,0.130000,0.130000,0.130000,13177700
2013-02-23,0.150000,0.190000,0.120000,0.150000,0.150000,25122600
2013-03-02,0.160000,0.190000,0.140000,0.170000,0.170000,15177800
2013-03-09,0.180000,0.180000,0.160000,0.180000,0.180000,6400300
2013-03-16,0.180000,0.320000,0.180000,0.230000,0.230000,33388300
2013-03-23,0.260000,0.260000,0.210000,0.220000,0.220000,6395400
2013-03-30,0.190000,0.210000,0.150000,0.190000,0.190000,11662300
2013-04-06,0.190000,0.190000,0.170000,0.180000,0.180000,4453800
2013-04-13,0.170000,0.190000,0.150000,0.160000,0.160000,5023400
2013-04-20,0.160000,0.170000,0.150000,0.160000,0.160000,1829100
2013-04-27,0.160000,0.170000,0.150000,0.150000,0.150000,1272000
2013-05-04,0.160000,0.290000,0.150000,0.230000,0.230000,19394100
2013-05-11,0.230000,0.270000,0.220000,0.240000,0.240000,8977000
2013-05-18,0.240000,0.380000,0.240000,0.330000,0.330000,38023000
2013-05-25,0.390000,0.470000,0.350000,0.380000,0.380000,47178600
2013-06-01,0.410000,0.420000,0.340000,0.380000,0.380000,15764100
2013-06-08,0.400000,0.530000,0.380000,0.440000,0.440000,38365600
2013-06-15,0.440000,0.490000,0.400000,0.420000,0.420000,18398300
2013-06-22,0.410000,0.420000,0.350000,0.380000,0.380000,8747300
2013-06-29,0.400000,0.410000,0.260000,0.330000,0.330000,15669500
2013-07-06,0.340000,0.420000,0.330000,0.390000,0.390000,9935900
2013-07-13,0.390000,0.410000,0.340000,0.400000,0.400000,7156200
2013-07-20,0.400000,0.400000,0.370000,0.390000,0.390000,4003000
2013-07-27,0.400000,0.480000,0.380000,0.420000,0.420000,9083000
2013-08-03,0.440000,0.560000,0.400000,0.410000,0.410000,24476100
2013-08-10,0.410000,0.450000,0.380000,0.380000,0.380000,4956900
2013-08-17,0.390000,0.440000,0.360000,0.440000,0.440000,8091800
2013-08-24,0.440000,0.580000,0.430000,0.530000,0.530000,24982200
2013-08-31,0.530000,0.690000,0.520000,0.680000,0.680000,20026800
2013-09-07,0.710000,0.800000,0.520000,0.560000,0.560000,40317400
2013-09-14,0.570000,0.640000,0.560000,0.570000,0.570000,15265400
2013-09-21,0.600000,0.700000,0.570000,0.700000,0.700000,26784900
2013-09-28,0.750000,0.750000,0.650000,0.710000,0.710000,24732500
2013-10-05,0.720000,0.770000,0.550000,0.680000,0.680000,29866700
2013-10-12,0.660000,0.660000,0.570000,0.630000,0.630000,9774600
2013-10-19,0.640000,0.640000,0.550000,0.580000,0.580000,8195800
2013-10-26,0.600000,0.630000,0.570000,0.580000,0.580000,4450100
2013-11-02,0.570000,0.590000,0.450000,0.530000,0.530000,8910900
2013-11-09,0.540000,0.730000,0.520000,0.680000,0.680000,18748500
2013-11-16,0.700000,0.710000,0.620000,0.660000,0.660000,8364500
2013-11-23,0.680000,0.740000,0.620000,0.740000,0.740000,9282600
2013-11-30,0.750000,2.240000,0.740000,2.060000,2.060000,172918500
2013-12-07,1.930000,2.170000,1.480000,2.090000,2.090000,85880000
2013-12-14,1.990000,2.060000,1.740000,1.840000,1.840000,29370800
2013-12-21,1.860000,1.860000,1.550000,1.660000,1.660000,14049600
2013-12-28,1.670000,2.840000,1.550000,2.610000,2.610000,123600000
2014-01-04,2.640000,4.900000,2.430000,3.650000,3.650000,374636200
2014-01-11,3.880000,4.200000,3.330000,3.480000,3.480000,133046000
2014-01-18,3.630000,3.630000,2.750000,2.810000,2.810000,58424200
2014-01-25,2.940000,3.250000,2.220000,3.020000,3.020000,92532400
2014-02-01,3.100000,3.360000,2.800000,3.100000,3.100000,71251600
2014-02-08,3.630000,3.950000,3.430000,3.780000,3.780000,116804000
2014-02-15,3.880000,3.920000,3.360000,3.630000,3.630000,41026000
2014-02-22,3.660000,4.840000,3.600000,4.670000,4.670000,153058500
2014-03-01,4.600000,8.350000,4.500000,8.270000,8.270000,435476600
2014-03-08,9.230000,11.720000,5.320000,6.710000,6.710000,802706700
2014-03-15,7.180000,7.340000,5.330000,5.940000,5.940000,247891000
2014-03-22,6.100000,8.480000,5.560000,6.900000,6.900000,354184400
2014-03-29,7.090000,8.100000,6.850000,7.120000,7.120000,192290700
2014-04-05,6.950000,7.430000,6.580000,7.290000,7.290000,83657200
2014-04-12,7.370000,7.700000,6.530000,7.320000,7.320000,74365100
2014-04-19,7.610000,8.370000,5.320000,5.370000,5.370000,186297200
2014-04-26,5.370000,5.400000,4.110000,4.500000,4.500000,126686500
2014-05-03,4.410000,4.430000,3.620000,3.720000,3.720000,121817800
2014-05-10,3.810000,4.550000,3.700000,4.290000,4.290000,165820400
2014-05-17,4.380000,4.660000,4.070000,4.090000,4.090000,71565400
2014-05-24,4.000000,4.610000,3.950000,4.350000,4.350000,59529100
2014-05-31,4.490000,4.580000,4.170000,4.390000,4.390000,43707200
2014-06-07,4.370000,4.400000,4.030000,4.150000,4.150000,35921200
2014-06-14,4.130000,5.250000,4.050000,4.800000,4.800000,126639000
2014-06-21,4.880000,4.940000,4.370000,4.730000,4.730000,89999600
2014-06-28,4.730000,4.850000,4.500000,4.520000,4.520000,32468900
2014-07-05,4.520000,4.590000,4.140000,4.230000,4.230000,24500700
2014-07-12,4.260000,5.120000,4.170000,5.030000,5.030000,97204100
2014-07-19,5.180000,6.330000,5.060000,5.420000,5.420000,196613000
2014-07-26,5.460000,6.080000,5.130000,5.380000,5.380000,76845300
2014-08-02,5.430000,5.760000,5.200000,5.650000,5.650000,37684000
2014-08-09,5.780000,6.470000,5.560000,5.920000,5.920000,102432600
2014-08-16,5.990000,6.020000,5.710000,5.890000,5.890000,38836200
2014-08-23,5.940000,6.120000,5.470000,5.580000,5.580000,50669700
2014-08-30,5.580000,5.640000,5.170000,5.430000,5.430000,29153500
2014-09-06,5.360000,5.580000,5.030000,5.100000,5.100000,33782300
2014-09-13,5.050000,5.070000,4.260000,4.430000,4.430000,44203400
2014-09-20,4.420000,4.650000,4.000000,4.350000,4.350000,59625300
2014-09-27,4.250000,4.740000,4.200000,4.560000,4.560000,38836800
2014-10-04,4.550000,4.650000,4.230000,4.440000,4.440000,32841300
2014-10-11,4.400000,4.500000,4.150000,4.380000,4.380000,31698600
2014-10-18,4.330000,4.520000,4.250000,4.340000,4.340000,20469000
2014-10-25,4.300000,4.750000,4.250000,4.710000,4.710000,29428100
2014-11-01,4.820000,5.480000,4.810000,5.300000,5.300000,69149400
2014-11-08,5.350000,5.460000,3.600000,3.720000,3.720000,65109500
2014-11-15,3.820000,4.160000,3.700000,3.930000,3.930000,32994600
2014-11-22,3.930000,4.030000,3.790000,3.820000,3.820000,11702000
2014-11-29,3.750000,4.020000,3.420000,3.600000,3.600000,39627200
2014-12-06,3.540000,3.610000,2.860000,2.930000,2.930000,34871900
2014-12-13,3.000000,3.130000,2.600000,3.050000,3.050000,34112800
2014-12-20,3.080000,3.150000,2.930000,3.080000,3.080000,13685800
2014-12-27,3.080000,3.220000,2.850000,2.980000,2.980000,18880400
2015-01-03,3.070000,3.130000,2.920000,3.010000,3.010000,21490700
2015-01-10,2.990000,3.040000,2.480000,2.670000,2.670000,21223400
2015-01-17,2.700000,2.950000,2.550000,2.870000,2.870000,15284800
2015-01-24,2.860000,3.300000,2.630000,2.670000,2.670000,38024000
2015-01-31,2.670000,2.970000,2.620000,2.910000,2.910000,14955300
2015-02-07,2.890000,3.360000,2.790000,3.150000,3.150000,30092300
2015-02-14,3.130000,3.280000,3.020000,3.240000,3.240000,20777800
2015-02-21,3.320000,3.380000,3.030000,3.080000,3.080000,23987900
2015-02-28,3.060000,3.140000,2.910000,2.970000,2.970000,18660300
2015-03-07,2.970000,3.010000,2.700000,2.860000,2.860000,14828300
2015-03-14,2.850000,2.900000,2.420000,2.660000,2.660000,21376700
2015-03-21,2.660000,2.720000,2.560000,2.640000,2.640000,9767500
2015-03-28,2.650000,2.730000,2.480000,2.560000,2.560000,15871400
2015-04-04,2.530000,2.680000,2.470000,2.610000,2.610000,17416100
2015-04-11,2.610000,2.820000,2.580000,2.670000,2.670000,18289800
2015-04-18,2.700000,2.780000,2.620000,2.650000,2.650000,10125000
2015-04-25,2.670000,2.680000,2.480000,2.490000,2.490000,10735400
2015-05-02,2.500000,2.540000,2.400000,2.430000,2.430000,14522300
2015-05-09,2.370000,2.730000,2.320000,2.610000,2.610000,21142000
2015-05-16,2.610000,2.800000,2.530000,2.580000,2.580000,12862100
2015-05-23,2.560000,2.790000,2.520000,2.720000,2.720000,11145800
2015-05-30,2.720000,2.850000,2.640000,2.740000,2.740000,15874000
2015-06-06,2.730000,2.750000,2.670000,2.690000,2.690000,6839100
2015-06-13,2.670000,2.720000,2.550000,2.600000,2.600000,7627500
2015-06-20,2.600000,2.640000,2.520000,2.570000,2.570000,10056900
2015-06-27,2.520000,2.540000,2.220000,2.320000,2.320000,13280500
2015-07-04,2.230000,2.620000,2.170000,2.280000,2.280000,24378300
2015-07-11,2.310000,2.390000,2.260000,2.380000,2.380000,8491000
2015-07-18,2.500000,2.570000,2.330000,2.380000,2.380000,10005900
2015-07-25,2.400000,2.590000,2.310000,2.590000,2.590000,9219500
2015-08-01,2.680000,2.850000,2.280000,2.400000,2.400000,24046500
2015-08-08,2.390000,2.440000,2.230000,2.290000,2.290000,10493100
2015-08-15,2.270000,2.310000,1.800000,1.920000,1.920000,14104300
2015-08-22,1.600000,2.000000,1.560000,1.760000,1.760000,29143800
2015-08-29,1.760000,1.790000,1.640000,1.720000,1.720000,10954400
2015-09-05,1.750000,1.790000,1.680000,1.700000,1.700000,7278000
2015-09-12,1.720000,1.920000,1.660000,1.890000,1.890000,13711900
2015-09-19,2.010000,2.330000,1.920000,1.930000,1.930000,30921400
2015-09-26,1.920000,2.030000,1.680000,2.010000,2.010000,13061100
2015-10-03,2.020000,2.350000,2.020000,2.320000,2.320000,16829200
2015-10-10,2.330000,2.480000,2.150000,2.310000,2.310000,10411300
2015-10-17,2.420000,2.560000,2.200000,2.310000,2.310000,16097800
2015-10-24,2.290000,2.480000,2.270000,2.410000,2.410000,9019100
2015-10-31,2.420000,2.980000,2.400000,2.760000,2.760000,29534300
2015-11-07,2.470000,2.550000,1.760000,1.840000,1.840000,32792500
2015-11-14,1.910000,1.960000,1.810000,1.900000,1.900000,11211400
2015-11-21,1.860000,2.150000,1.860000,2.120000,2.120000,8798200
2015-11-28,2.150000,2.230000,2.020000,2.080000,2.080000,9261600
2015-12-05,2.060000,2.080000,1.920000,2.000000,2.000000,6370500
2015-12-12,2.000000,2.350000,1.950000,2.220000,2.220000,15039600
2015-12-19,2.220000,2.350000,2.180000,2.300000,2.300000,7365300
2015-12-26,2.280000,2.340000,2.050000,2.110000,2.110000,7229500
2016-01-02,2.000000,2.110000,1.900000,1.920000,1.920000,9368800
2016-01-09,1.920000,1.960000,1.560000,1.660000,1.660000,12525700
2016-01-16,1.670000,1.820000,1.300000,1.820000,1.820000,13253600
2016-01-23,1.790000,1.940000,1.710000,1.870000,1.870000,11662000
2016-01-30,1.900000,1.900000,1.600000,1.680000,1.680000,6286000
2016-02-06,1.650000,1.690000,1.550000,1.670000,1.670000,6478400
2016-02-13,1.700000,1.890000,1.700000,1.750000,1.750000,7058200
2016-02-20,1.800000,2.070000,1.760000,2.020000,2.020000,9009100
2016-02-27,2.050000,2.250000,2.030000,2.110000,2.110000,9649800
2016-03-05,2.020000,2.200000,1.900000,2.040000,2.040000,18378300
2016-03-12,2.030000,2.090000,1.920000,2.080000,2.080000,8772000
2016-03-19,2.050000,2.110000,1.920000,2.020000,2.020000,6883700
2016-03-26,2.020000,2.140000,1.950000,2.040000,2.040000,9830100
2016-04-02,2.020000,2.070000,1.980000,2.000000,2.000000,5120300
2016-04-09,2.000000,2.190000,1.990000,2.110000,2.110000,8252800
2016-04-16,2.100000,2.250000,2.070000,2.220000,2.220000,7161800
2016-04-23,2.240000,2.280000,2.010000,2.060000,2.060000,8376400
2016-04-30,2.040000,2.080000,1.900000,1.920000,1.920000,7161400
2016-05-07,1.900000,1.960000,1.740000,1.790000,1.790000,7655900
2016-05-14,1.790000,1.840000,1.650000,1.680000,1.680000,6565400
2016-05-21,1.680000,1.840000,1.680000,1.820000,1.820000,4765600
2016-05-28,1.810000,1.950000,1.790000,1.910000,1.910000,5101900
2016-06-04,1.910000,2.040000,1.800000,1.800000,1.800000,7584500
2016-06-11,1.800000,1.820000,1.720000,1.750000,1.750000,5226900
2016-06-18,1.750000,1.820000,1.660000,1.710000,1.710000,10717700
2016-06-25,1.680000,1.900000,1.600000,1.860000,1.860000,9010700
2016-07-02,1.850000,1.850000,1.670000,1.730000,1.730000,7191200
2016-07-09,1.710000,1.770000,1.660000,1.680000,1.680000,7115900
2016-07-16,1.740000,1.950000,1.700000,1.790000,1.790000,12703300
2016-07-23,1.790000,1.870000,1.750000,1.790000,1.790000,8179000
2016-07-30,1.800000,1.850000,1.700000,1.710000,1.710000,9112800
2016-08-06,1.730000,1.760000,1.680000,1.690000,1.690000,3784800
2016-08-13,1.680000,1.740000,1.650000,1.670000,1.670000,6951800
2016-08-20,1.670000,1.710000,1.640000,1.670000,1.670000,7625400
2016-08-27,1.750000,1.750000,1.500000,1.510000,1.510000,10788900
2016-09-03,1.510000,1.530000,1.360000,1.370000,1.370000,9109800
2016-09-10,1.370000,1.470000,1.340000,1.440000,1.440000,12672100
2016-09-17,1.450000,1.710000,1.430000,1.630000,1.630000,12757900
2016-09-24,1.620000,1.750000,1.610000,1.710000,1.710000,9412900
2016-10-01,1.700000,1.760000,1.650000,1.670000,1.670000,6922600
2016-10-08,1.690000,1.710000,1.550000,1.560000,1.560000,4958800
2016-10-15,1.550000,1.630000,1.490000,1.620000,1.620000,4932000
2016-10-22,1.680000,1.690000,1.550000,1.580000,1.580000,5027800
2016-10-29,1.590000,1.590000,1.420000,1.420000,1.420000,5785300
2016-11-05,1.360000,1.470000,1.180000,1.470000,1.470000,23693800
2016-11-12,1.480000,1.580000,1.370000,1.480000,1.480000,24331100
2016-11-19,1.470000,1.530000,1.320000,1.440000,1.440000,15532900
2016-11-26,1.450000,1.450000,1.330000,1.430000,1.430000,19857200
2016-12-03,1.430000,1.600000,1.410000,1.430000,1.430000,25566100
2016-12-10,1.430000,1.450000,1.290000,1.320000,1.320000,19154700
2016-12-17,1.280000,1.390000,1.240000,1.270000,1.270000,16534100
2016-12-24,1.270000,1.300000,1.180000,1.200000,1.200000,13840300
2016-12-31,1.200000,1.320000,1.190000,1.250000,1.250000,10373600
2017-01-07,1.260000,1.280000,1.220000,1.250000,1.250000,9036200
2017-01-14,1.240000,1.260000,1.180000,1.180000,1.180000,9601900
2017-01-21,1.180000,1.200000,1.100000,1.120000,1.120000,20960700
2017-01-28,1.110000,1.130000,0.910000,0.940000,0.940000,34033400
2017-02-04,0.940000,1.230000,0.830000,1.180000,1.180000,36903700
2017-02-11,1.300000,1.310000,1.030000,1.110000,1.110000,87672700
2017-02-18,1.120000,1.260000,1.100000,1.130000,1.130000,62183900
2017-02-25,1.120000,1.130000,1.050000,1.070000,1.070000,34760200
2017-03-04,1.060000,1.070000,0.920000,1.010000,1.010000,16501700
2017-03-11,1.010000,1.200000,0.960000,1.200000,1.200000,23514300
2017-03-18,1.200000,1.380000,1.160000,1.360000,1.360000,34666200
2017-03-25,1.320000,1.520000,1.310000,1.380000,1.380000,24442800
2017-04-01,1.370000,2.400000,1.250000,2.030000,2.030000,197379400
2017-04-08,2.050000,2.700000,1.970000,2.240000,2.240000,129084700
2017-04-15,2.290000,2.310000,2.070000,2.120000,2.120000,44542100
2017-04-22,2.150000,2.430000,2.070000,2.240000,2.240000,55389700
2017-04-29,2.260000,2.350000,2.100000,2.290000,2.290000,49207700
2017-05-06,2.290000,2.330000,1.980000,2.070000,2.070000,48551600
2017-05-13,2.080000,2.090000,1.720000,1.900000,1.900000,38737200
2017-05-20,1.900000,1.950000,1.850000,1.900000,1.900000,22479900
2017-05-27,1.880000,1.940000,1.810000,1.930000,1.930000,14583700
2017-06-03,1.930000,2.190000,1.810000,2.040000,2.040000,41306800
2017-06-10,2.010000,2.280000,2.000000,2.230000,2.230000,38499000
2017-06-17,2.280000,2.390000,2.120000,2.250000,2.250000,31328400
2017-06-24,2.250000,2.270000,2.020000,2.040000,2.040000,22588200
2017-07-01,2.030000,2.130000,2.000000,2.030000,2.030000,10748700
2017-07-08,2.030000,2.120000,2.010000,2.080000,2.080000,10650000
2017-07-15,2.060000,2.520000,2.050000,2.440000,2.440000,39345800
2017-07-22,2.450000,2.470000,2.200000,2.300000,2.300000,28252800
2017-07-29,2.320000,2.340000,2.200000,2.250000,2.250000,14762800
2017-08-05,2.270000,2.420000,1.980000,2.060000,2.060000,31884800
2017-08-12,2.070000,2.160000,2.010000,2.120000,2.120000,12618400
2017-08-19,2.120000,2.200000,2.050000,2.160000,2.160000,10298600
2017-08-26,2.160000,2.200000,2.120000,2.190000,2.190000,9229100
2017-09-02,2.180000,2.190000,2.090000,2.130000,2.130000,9272200
2017-09-09,2.140000,2.400000,2.120000,2.250000,2.250000,27048900
2017-09-16,2.250000,2.820000,2.250000,2.570000,2.570000,65108300
2017-09-23,2.600000,2.720000,2.510000,2.610000,2.610000,25027600
2017-09-30,2.610000,3.060000,2.590000,2.970000,2.970000,41526700
2017-10-07,3.040000,3.070000,2.710000,2.800000,2.800000,32939100
2017-10-14,2.800000,2.870000,2.430000,2.700000,2.700000,23055800
2017-10-21,2.770000,2.800000,2.570000,2.750000,2.750000,18822900
2017-10-28,2.750000,2.950000,2.710000,2.870000,2.870000,24842600
2017-11-04,2.880000,3.210000,2.430000,2.550000,2.550000,44810800
2017-11-11,2.570000,2.590000,2.170000,2.320000,2.320000,28396000
2017-11-18,2.350000,2.520000,2.320000,2.390000,2.390000,13461600
2017-11-25,2.380000,2.550000,2.260000,2.510000,2.510000,20856300
2017-12-02,2.580000,2.590000,2.300000,2.410000,2.410000,17327300
2017-12-09,2.430000,2.470000,2.310000,2.360000,2.360000,15479000
2017-12-16,2.370000,2.480000,2.350000,2.420000,2.420000,15576800
2017-12-23,2.410000,2.470000,2.350000,2.360000,2.360000,11063600
2017-12-30,2.380000,2.440000,2.320000,2.360000,2.360000,10852300
2018-01-06,2.350000,2.420000,2.270000,2.350000,2.350000,18420700
2018-01-13,2.370000,2.380000,2.220000,2.270000,2.270000,8669700
2018-01-20,2.270000,2.290000,2.020000,2.080000,2.080000,14227600
2018-01-27,2.070000,2.090000,1.860000,1.940000,1.940000,17487900
2018-02-03,1.930000,2.050000,1.530000,1.700000,1.700000,30607200
2018-02-10,1.760000,1.900000,1.630000,1.850000,1.850000,14952600
2018-02-17,1.850000,2.130000,1.760000,1.960000,1.960000,19714000
2018-02-24,2.000000,2.010000,1.760000,1.890000,1.890000,14300100
2018-03-03,1.890000,2.000000,1.800000,1.940000,1.940000,19389900
2018-03-10,1.970000,2.130000,1.910000,2.040000,2.040000,18392600
2018-03-17,2.020000,2.040000,1.860000,1.890000,1.890000,18070300
2018-03-24,1.920000,1.980000,1.830000,1.890000,1.890000,18465000
2018-03-31,1.870000,1.870000,1.710000,1.800000,1.800000,19477200
2018-04-07,1.820000,1.920000,1.800000,1.880000,1.880000,13890700
2018-04-14,1.880000,2.010000,1.860000,1.920000,1.920000,18476400
2018-04-21,1.920000,1.950000,1.760000,1.820000,1.820000,16423900
2018-04-28,1.820000,1.900000,1.800000,1.810000,1.810000,19858200
2018-05-05,1.850000,2.180000,1.820000,2.160000,2.160000,25311300
2018-05-12,2.170000,2.270000,2.080000,2.120000,2.120000,24687100
2018-05-19,2.150000,2.240000,1.930000,1.970000,1.970000,25470100
2018-05-26,1.970000,2.020000,1.870000,1.890000,1.890000,16508600
2018-06-02,1.900000,1.910000,1.780000,1.860000,1.860000,15938300
2018-06-09,1.890000,2.050000,1.860000,1.980000,1.980000,16552600
2018-06-16,1.950000,2.040000,1.930000,2.040000,2.040000,12713000
2018-06-23,2.020000,2.050000,1.880000,2.020000,2.020000,16160200
2018-06-30,2.000000,2.080000,1.980000,2.020000,2.020000,10300800
2018-07-07,2.040000,2.200000,2.020000,2.050000,2.050000,14863400
2018-07-14,2.040000,2.060000,1.960000,1.960000,1.960000,11213200
2018-07-21,1.980000,2.000000,1.900000,1.950000,1.950000,9370100
2018-07-28,1.960000,2.020000,1.910000,1.950000,1.950000,7727000
2018-08-04,1.980000,2.050000,1.830000,1.910000,1.910000,15232600
2018-08-11,1.920000,2.000000,1.850000,1.970000,1.970000,11134100
2018-08-18,1.990000,2.100000,1.930000,2.000000,2.000000,12155600
2018-08-25,2.010000,2.040000,1.920000,1.970000,1.970000,16260500
2018-09-01,2.000000,2.030000,1.880000,1.920000,1.920000,10335300
2018-09-08,1.930000,1.930000,1.720000,1.870000,1.870000,15922700
2018-09-15,1.870000,1.940000,1.820000,1.900000,1.900000,13192700
2018-09-22,1.900000,2.050000,1.860000,1.920000,1.920000,12364200
2018-09-29,1.920000,1.980000,1.850000,1.870000,1.870000,9307700
2018-10-06,1.850000,1.930000,1.720000,1.810000,1.810000,12555300
2018-10-13,1.810000,1.980000,1.810000,1.940000,1.940000,14911200
2018-10-20,1.930000,1.950000,1.780000,1.830000,1.830000,11102500
2018-10-27,1.860000,1.920000,1.780000,1.900000,1.900000,7557700
2018-11-03,1.910000,2.000000,1.840000,1.870000,1.870000,10937700
2018-11-10,1.880000,1.880000,1.790000,1.840000,1.840000,6540800
2018-11-17,1.820000,1.830000,1.710000,1.710000,1.710000,6515500
2018-11-24,1.750000,1.800000,1.720000,1.750000,1.750000,6345900
2018-12-01,1.780000,1.790000,1.550000,1.570000,1.570000,9918300
2018-12-08,1.600000,1.630000,1.370000,1.370000,1.370000,11031300
2018-12-15,1.360000,1.390000,0.990000,1.020000,1.020000,25953400
2018-12-22,1.040000,1.400000,0.990000,1.320000,1.320000,21941700
2018-12-29,1.360000,1.360000,1.230000,1.340000,1.340000,15641200
2019-01-05,1.380000,1.700000,1.360000,1.480000,1.480000,30816000
2019-01-12,1.470000,1.470000,1.340000,1.380000,1.380000,11557700
2019-01-19,1.400000,1.400000,1.310000,1.360000,1.360000,7453100
2019-01-26,1.360000,1.420000,1.330000,1.340000,1.340000,10386700
2019-02-02,1.360000,1.400000,1.320000,1.340000,1.340000,7439100
2019-02-09,1.350000,1.690000,1.330000,1.620000,1.620000,19174300
2019-02-16,1.650000,1.810000,1.640000,1.800000,1.800000,15424900
2019-02-23,1.820000,1.830000,1.680000,1.800000,1.800000,11940500
2019-03-02,1.830000,1.980000,1.550000,1.950000,1.950000,23760300
2019-03-09,1.970000,2.650000,1.960000,2.200000,2.200000,65767000
2019-03-16,2.280000,2.650000,2.250000,2.480000,2.480000,38062200
2019-03-23,2.480000,2.540000,2.230000,2.400000,2.400000,25457500
2019-03-30,2.420000,2.680000,2.320000,2.630000,2.630000,29653800
2019-04-06,2.660000,2.860000,2.580000,2.590000,2.590000,31533000
2019-04-13,2.600000,2.620000,2.430000,2.570000,2.570000,13321100
2019-04-20,2.590000,2.600000,2.450000,2.520000,2.520000,19483800
2019-04-27,2.520000,2.580000,2.420000,2.570000,2.570000,15042900
2019-05-04,2.510000,2.570000,2.160000,2.350000,2.350000,22270700
2019-05-11,2.340000,2.560000,2.200000,2.550000,2.550000,20353400
2019-05-18,2.600000,2.640000,2.430000,2.500000,2.500000,17646000
2019-05-25,2.640000,2.870000,2.500000,2.560000,2.560000,27688600
2019-06-01,2.530000,2.640000,2.500000,2.550000,2.550000,14614500
2019-06-08,2.560000,2.710000,2.540000,2.550000,2.550000,16932000
2019-06-15,2.560000,2.590000,2.200000,2.300000,2.300000,21426600
2019-06-22,2.290000,2.330000,1.860000,2.250000,2.250000,26134600
2019-06-29,2.320000,2.400000,2.200000,2.350000,2.350000,13740400
2019-07-06,2.380000,2.400000,2.260000,2.290000,2.290000,11316000
2019-07-13,2.320000,2.350000,2.250000,2.310000,2.310000,11827200
2019-07-20,2.320000,2.330000,2.200000,2.250000,2.250000,12097500
2019-07-27,2.230000,2.280000,2.090000,2.150000,2.150000,12981700
2019-08-03,2.110000,2.290000,2.000000,2.090000,2.090000,18688400
2019-08-10,2.050000,2.110000,1.880000,2.090000,2.090000,15847200
2019-08-17,2.120000,2.250000,2.080000,2.110000,2.110000,9258900
2019-08-24,2.140000,2.240000,2.060000,2.170000,2.170000,8601400
2019-08-31,2.210000,2.290000,2.110000,2.260000,2.260000,8227100
2019-09-07,2.290000,2.700000,2.260000,2.650000,2.650000,24299700
2019-09-14,2.730000,2.940000,2.600000,2.800000,2.800000,38271000
2019-09-21,2.840000,2.850000,2.510000,2.590000,2.590000,17969200
2019-09-28,2.600000,2.650000,2.320000,2.450000,2.450000,14452100
2019-10-05,2.450000,2.770000,2.430000,2.680000,2.680000,15660400
2019-10-12,2.690000,3.050000,2.690000,3.040000,3.040000,34175400
2019-10-19,3.120000,3.140000,2.820000,2.980000,2.980000,23359000
2019-10-26,3.000000,3.020000,2.550000,2.780000,2.780000,30399700
2019-11-02,2.840000,2.920000,2.550000,2.730000,2.730000,25673800
2019-11-09,2.810000,3.650000,2.770000,3.490000,3.490000,77954700
2019-11-16,3.560000,3.770000,3.290000,3.380000,3.380000,51241000
2019-11-23,3.470000,4.040000,3.420000,3.900000,3.900000,51117900
2019-11-30,3.910000,4.010000,3.000000,3.150000,3.150000,85790300
2019-12-07,3.230000,3.330000,2.920000,3.090000,3.090000,51180600
2019-12-14,3.130000,3.200000,2.750000,2.940000,2.940000,60999900
2019-12-21,2.960000,3.240000,2.900000,3.080000,3.080000,24272300
2019-12-28,3.100000,3.300000,2.910000,3.230000,3.230000,36165800
2020-01-04,3.430000,4.200000,3.360000,4.140000,4.140000,123552900
2020-01-11,4.220000,4.420000,3.830000,4.170000,4.170000,74876000
2020-01-18,4.150000,4.530000,3.820000,3.900000,3.900000,67810300
2020-01-25,3.730000,4.170000,3.650000,3.870000,3.870000,50905600
2020-02-01,3.890000,4.320000,3.790000,4.250000,4.250000,44023100
2020-02-08,4.300000,4.520000,4.160000,4.420000,4.420000,48626200
2020-02-15,4.520000,6.050000,4.480000,5.570000,5.570000,177593400
2020-02-22,4.910000,5.440000,3.820000,4.340000,4.340000,133430100
2020-02-29,4.600000,4.800000,4.050000,4.330000,4.330000,112539000
2020-03-07,3.770000,4.200000,3.140000,3.380000,3.380000,82211300
2020-03-14,2.920000,3.350000,2.530000,3.320000,3.320000,94103300
2020-03-21,3.300000,4.140000,3.200000,3.720000,3.720000,71485500
2020-03-28,3.710000,3.750000,3.220000,3.350000,3.350000,50077600
2020-04-04,3.500000,4.020000,3.470000,3.820000,3.820000,45874100
2020-04-11,3.800000,4.750000,3.700000,4.520000,4.520000,57499000
2020-04-18,4.430000,4.590000,4.140000,4.400000,4.400000,38030800
2020-04-25,4.440000,4.600000,3.790000,3.920000,3.920000,37630100
2020-05-02,3.910000,4.570000,3.890000,4.550000,4.550000,38095200
2020-05-09,4.450000,4.540000,3.800000,4.080000,4.080000,59287000
2020-05-16,4.230000,4.370000,4.050000,4.110000,4.110000,35362000
2020-05-23,4.200000,4.510000,4.030000,4.210000,4.210000,53023200
2020-05-30,4.110000,5.100000,4.110000,4.880000,4.880000,87119000
2020-06-06,5.000000,5.970000,4.720000,5.060000,5.060000,111799000
2020-06-13,4.950000,5.640000,4.830000,5.480000,5.480000,59499400
2020-06-20,5.470000,7.810000,5.390000,6.830000,6.830000,227907600
2020-06-27,7.070000,9.650000,7.060000,9.100000,9.100000,174881200
2020-07-04,9.630000,10.490000,8.500000,9.300000,9.300000,196041100
2020-07-11,9.570000,9.660000,8.170000,8.990000,8.990000,105481000
2020-07-18,8.920000,9.390000,7.920000,8.520000,8.520000,99835900
2020-07-25,8.530000,8.690000,7.070000,7.710000,7.710000,66317300
2020-08-01,8.170000,11.750000,8.060000,11.280000,11.280000,175264700
2020-08-08,11.960000,12.200000,10.110000,11.400000,11.400000,180521600
2020-08-15,11.430000,14.350000,11.430000,12.930000,12.930000,188616200
2020-08-22,13.000000,13.720000,11.810000,13.070000,13.070000,123983400
2020-08-29,13.110000,14.200000,10.560000,11.760000,11.760000,142236200
2020-09-05,11.310000,12.550000,11.110000,11.710000,11.710000,80820900
2020-09-12,11.850000,13.640000,11.780000,13.560000,13.560000,89096700
2020-09-19,12.460000,13.490000,10.920000,11.650000,11.650000,114945900
2020-09-26,12.530000,14.290000,12.450000,14.140000,14.140000,129368400
2020-10-03,14.660000,19.020000,14.660000,18.430000,18.430000,226886200
2020-10-10,18.879999,18.889999,16.139999,16.270000,16.270000,134623200
2020-10-17,16.170000,16.820000,14.360000,15.030000,15.030000,97715800
2020-10-24,14.670000,15.480000,13.690000,14.000000,14.000000,108252800
2020-10-31,14.400000,19.100000,13.920000,18.860001,18.860001,197883600
2020-11-07,19.450001,24.780001,18.469999,23.430000,23.430000,254507100
2020-11-14,23.650000,25.490000,22.000000,24.360001,24.360001,228679700
2020-11-21,24.950001,28.700001,24.740000,26.240000,26.240000,151490000
2020-11-28,27.330000,27.350000,22.250000,24.850000,24.850000,132895500
2020-12-05,25.400000,29.690001,24.440001,26.770000,26.770000,164219300
2020-12-12,27.190001,33.020000,25.700001,31.629999,31.629999,184023800
2020-12-19,31.420000,37.110001,30.459999,35.580002,35.580002,146913000
2020-12-26,37.369999,37.509998,30.840000,33.910000,33.910000,107800700
2021-01-02,34.639999,55.980000,30.400000,53.779999,53.779999,293252900
2021-01-09,48.860001,73.900002,47.619999,60.139999,60.139999,479071800
2021-01-16,63.639999,68.449997,58.730000,66.870003,66.870003,223126100
2021-01-23,66.470001,75.489998,62.360001,63.169998,63.169998,249098100
2021-01-30,64.290001,70.510002,60.770000,65.769997,65.769997,110704800
2021-02-06,66.110001,69.879997,61.590000,63.189999,63.189999,92720200
2021-02-13,65.010002,65.010002,50.060001,55.889999,55.889999,122822300
2021-02-20,54.209999,54.450001,37.220001,48.380001,48.380001,206929500
2021-02-27,53.000000,53.099998,33.259998,39.299999,39.299999,178119300
2021-03-06,39.290001,48.349998,37.599998,47.250000,47.250000,140175200
2021-03-13,46.799999,47.849998,34.200001,38.279999,38.279999,261690800
2021-03-20,38.540001,39.450001,30.100000,34.029999,34.029999,132807800
2021-03-27,33.700001,37.750000,30.240000,35.259998,35.259998,133851100
2021-04-03,35.980000,36.130001,31.549999,32.299999,32.299999,134178900
2021-04-10,31.360001,31.459999,24.610001,27.240000,27.240000,234500000
2021-04-17,26.700001,28.490000,23.910000,27.980000,27.980000,192237800
2021-04-24,28.740000,30.340000,27.270000,28.510000,28.510000,160829400
2021-05-01,28.540001,28.820000,21.580000,23.049999,23.049999,171289400
2021-05-08,22.660000,25.520000,18.469999,24.580000,24.580000,291105700
2021-05-15,24.250000,28.629999,23.930000,27.889999,27.889999,225687700
2021-05-22,27.950001,31.820000,26.660000,30.700001,30.700001,158371800
2021-05-29,31.100000,32.020000,29.809999,30.580000,30.580000,105211700
2021-06-05,30.750000,34.380001,29.969999,31.850000,31.850000,122876200
2021-06-12,32.000000,32.340000,28.400000,29.170000,29.170000,105319100
2021-06-19,29.180000,34.240002,28.639999,31.850000,31.850000,245281000
2021-06-26,32.110001,36.040001,32.110001,32.480000,32.480000,129254300
2021-07-03,32.669998,33.610001,28.400000,29.389999,29.389999,82785700
2021-07-10,29.469999,29.740000,25.879999,26.010000,26.010000,97808000
2021-07-17,25.049999,28.400000,24.750000,26.809999,26.809999,80057900
2021-07-24,26.639999,28.150000,25.389999,27.280001,27.280001,66896900
2021-07-31,27.500000,28.700001,25.010000,25.900000,25.900000,84712200
2021-08-07,25.950001,30.250000,24.860001,24.990000,24.990000,134448600
2021-08-14,24.790001,26.049999,23.530001,24.230000,24.230000,105446100
2021-08-21,24.389999,26.870001,24.250000,26.600000,26.600000,67785100
2021-08-28,26.570000,27.620001,25.450001,26.400000,26.400000,69504500
2021-09-04,26.500000,27.150000,24.080000,24.160000,24.160000,60434400
2021-09-11,24.200001,26.530001,23.160000,26.469999,26.469999,84858800
2021-09-18,25.410000,28.400000,25.129999,26.969999,26.969999,78900400
2021-09-25,27.030001,28.830000,24.860001,25.570000,25.570000,84049400
2021-10-02,25.360001,27.360001,23.809999,27.190001,27.190001,70508000
2021-10-09,27.190001,34.000000,27.170000,31.240000,31.240000,246799000
2021-10-16,31.100000,34.959999,30.959999,32.700001,32.700001,119744300
2021-10-23,33.139999,38.490002,32.900002,38.270000,38.270000,149944500
2021-10-30,39.590000,42.950001,37.770000,38.369999,38.369999,143135800
2021-11-06,40.110001,44.490002,37.889999,43.139999,43.139999,147241800
2021-11-13,43.689999,45.330002,39.450001,44.549999,44.549999,110648600
2021-11-20,45.349998,46.500000,39.570000,40.250000,40.250000,69205700
2021-11-27,40.889999,41.910000,32.419998,33.459999,33.459999,106343100
2021-12-04,32.480000,37.080002,31.400000,33.220001,33.220001,78854600
2021-12-11,33.009998,33.619999,27.920000,29.750000,29.750000,102187900
2021-12-18,27.820000,29.690001,27.110001,29.400000,29.400000,65341700
2021-12-25,29.639999,30.430000,27.209999,28.230000,28.230000,65272700
2022-01-01,28.959999,29.270000,24.750000,24.959999,24.959999,83264100
2022-01-08,24.350000,26.020000,22.650000,23.440001,23.440001,93375500
2022-01-15,23.070000,23.559999,20.610001,21.059999,21.059999,111918100
2022-01-22,19.990000,21.350000,17.510000,18.760000,18.760000,152588400
2022-01-29,19.049999,23.100000,18.920000,21.430000,21.430000,116900700
2022-02-05,21.260000,23.639999,20.860001,21.290001,21.290001,81312900
2022-02-12,21.160000,24.150000,20.900000,22.070000,22.070000,87350900
2022-02-19,21.480000,22.650000,18.299999,22.590000,22.590000,74370100
2022-02-26,24.030001,25.809999,22.750000,23.070000,23.070000,134891400
2022-03-05,23.799999,26.740000,22.309999,24.440001,24.440001,126260100
2022-03-12,23.920000,26.360001,21.270000,26.150000,26.150000,102882100
2022-03-19,26.040001,29.080000,25.049999,27.950001,27.950001,94904000
2022-03-26,27.809999,29.990000,27.410000,28.340000,28.340000,88235400
2022-04-02,28.639999,32.049999,25.969999,26.020000,26.020000,104484800
2022-04-09,25.370001,27.459999,25.340000,25.770000,25.770000,54069000
2022-04-16,25.780001,28.290001,21.740000,22.040001,22.040001,132825700
2022-04-23,21.520000,23.209999,20.080000,21.020000,21.020000,98231900
2022-04-30,20.799999,23.490000,18.760000,19.410000,19.410000,92616300
2022-05-07,18.719999,18.719999,12.700000,15.030000,15.030000,166901700
2022-05-14,15.050000,17.200001,14.430000,16.450001,16.450001,137332900
2022-05-21,16.330000,19.059999,14.970000,19.059999,19.059999,110765100
2022-05-28,18.969999,19.350000,17.520000,17.900000,17.900000,92233600
2022-06-04,18.340000,19.700001,15.750000,15.960000,15.960000,103997700
2022-06-11,15.040000,16.040001,13.900000,15.830000,15.830000,111940500
2022-06-18,16.400000,18.389999,16.059999,18.230000,18.230000,74815500
2022-06-25,18.260000,18.600000,15.630000,17.180000,17.180000,78211700
2022-07-02,16.950001,20.020000,16.000000,19.770000,19.770000,75322000
2022-07-09,19.440001,19.700001,14.750000,15.460000,15.460000,108673400
2022-07-16,16.280001,18.900000,16.129999,17.639999,17.639999,90836600
2022-07-23,17.620001,22.260000,16.340000,21.340000,21.340000,146734800
2022-07-30,21.090000,25.730000,20.549999,25.190001,25.190001,110170700
2022-08-06,26.459999,29.969999,24.080000,29.540001,29.540001,160441600
2022-08-13,29.910000,31.110001,26.280001,26.820000,26.820000,108498300
2022-08-20,25.700001,31.559999,25.469999,28.940001,28.940001,130981800
2022-08-27,28.459999,30.680000,25.600000,25.870001,25.870001,108338300
2022-09-03,26.110001,30.000000,24.940001,29.920000,29.920000,76607000
2022-09-10,30.030001,30.430000,27.799999,28.250000,28.250000,87715600
2022-09-17,27.680000,28.400000,22.219999,22.629999,22.629999,77184300
2022-09-24,22.510000,23.450001,20.480000,21.010000,21.010000,77794400
2022-10-01,21.180000,23.450001,19.540001,19.900000,19.900000,83310600
2022-10-08,20.049999,20.120001,17.799999,18.030001,18.030001,84675500
2022-10-15,18.590000,19.750000,15.690000,16.490000,16.490000,107403900
2022-10-22,16.500000,17.209999,15.320000,16.090000,16.090000,89637200
2022-10-29,16.049999,16.740000,14.330000,14.790000,14.790000,77784400
2022-11-05,15.090000,18.160000,14.420000,17.889999,17.889999,121510300
2022-11-12,17.809999,18.260000,15.470000,15.840000,15.840000,87643800
2022-11-19,15.500000,15.770000,14.840000,15.730000,15.730000,44977100
2022-11-26,15.550000,16.200001,14.760000,15.810000,15.810000,68700200
2022-12-03,15.710000,15.930000,13.280000,13.360000,13.360000,70746300
2022-12-10,13.300000,15.680000,13.220000,14.020000,14.020000,105019100
2022-12-17,14.090000,14.090000,12.040000,12.340000,12.340000,76779200
2022-12-24,12.200000,12.420000,11.490000,12.370000,12.370000,48121900
2022-12-31,12.710000,13.420000,11.910000,13.410000,13.410000,68895000
2023-01-07,13.870000,16.809999,13.660000,16.490000,16.490000,91440900
2023-01-14,16.670000,18.129999,15.120000,15.900000,15.900000,76038400
2023-01-21,16.180000,17.639999,14.920000,15.860000,15.860000,111931300
2023-01-28,15.560000,18.879999,15.300000,17.379999,17.379999,97171100
2023-02-04,16.860001,17.139999,14.840000,15.360000,15.360000,78572400
2023-02-11,15.340000,16.799999,14.820000,15.580000,15.580000,63395900
2023-02-18,15.300000,15.450000,13.910000,14.180000,14.180000,49609900
2023-02-25,14.400000,15.080000,12.390000,13.840000,13.840000,97116400
2023-03-04,13.980000,14.280000,11.990000,12.350000,12.350000,75202900
2023-03-11,11.960000,13.000000,10.970000,11.170000,11.170000,113257600
2023-03-18,11.170000,12.350000,10.730000,11.230000,11.230000,90079700
2023-03-25,11.460000,11.910000,10.300000,11.720000,11.720000,85769100
2023-04-01,11.500000,11.760000,9.240000,9.270000,9.270000,105764700
2023-04-08,9.150000,10.230000,8.880000,9.040000,9.040000,132823100
2023-04-15,9.010000,9.580000,8.650000,9.050000,9.050000,117784400
2023-04-22,9.010000,9.350000,8.370000,9.030000,9.030000,87688400
2023-04-29,9.010000,9.400000,8.490000,9.290000,9.290000,68830700
2023-05-06,9.470000,9.500000,7.440000,7.480000,7.480000,141464200
2023-05-13,7.510000,8.140000,7.390000,7.730000,7.730000,105270700
2023-05-20,8.000000,9.190000,7.910000,8.250000,8.250000,120626200
2023-05-27,8.370000,8.990000,8.010000,8.770000,8.770000,132581100
2023-06-03,8.750000,9.900000,8.260000,9.170000,9.170000,123466800
2023-06-10,9.270000,11.780000,9.100000,10.570000,10.570000,200104500
2023-06-17,10.490000,10.630000,9.140000,9.200000,9.200000,80080200
2023-06-24,9.150000,10.430000,8.940000,10.390000,10.390000,98408600
2023-07-01,10.470000,11.120000,9.810000,10.610000,10.610000,116718600
2023-07-08,10.610000,13.290000,10.460000,12.140000,12.140000,173909500
2023-07-15,12.210000,13.440000,12.050000,12.390000,12.390000,138569900
2023-07-22,12.420000,12.660000,11.460000,11.860000,11.860000,85429900
2023-07-29,12.110000,13.170000,11.350000,11.560000,11.560000,105868700
2023-08-05,11.500000,11.510000,8.670000,9.110000,9.110000,155184300
2023-08-12,8.920000,9.380000,8.310000,8.640000,8.640000,81643000
2023-08-19,8.650000,9.040000,7.780000,8.130000,8.130000,94196200
2023-08-26,8.270000,8.980000,8.170000,8.510000,8.510000,73779100
2023-09-02,8.430000,8.680000,7.850000,7.960000,7.960000,54592000
2023-09-09,8.010000,8.800000,7.750000,8.520000,8.520000,77894400
2023-09-16,8.480000,8.480000,7.330000,7.430000,7.430000,70159900
2023-09-23,7.470000,7.950000,7.270000,7.600000,7.600000,88004000
2023-09-30,7.500000,7.540000,6.170000,6.610000,6.610000,125222200
2023-10-07,6.480000,7.890000,6.270000,7.340000,7.340000,174797000
2023-10-14,7.370000,7.900000,6.060000,6.100000,6.100000,133482500
2023-10-21,6.010000,6.540000,5.780000,5.900000,5.900000,104597700
2023-10-28,6.020000,6.960000,5.580000,6.620000,6.620000,116903300
2023-11-04,6.700000,6.740000,3.220000,3.530000,3.530000,317863200
2023-11-11,3.350000,4.660000,3.250000,4.000000,4.000000,306389900
2023-11-18,3.980000,4.020000,3.360000,3.470000,3.470000,121953500
2023-11-25,3.440000,4.540000,3.320000,4.540000,4.540000,179265200
2023-12-02,4.600000,4.870000,3.890000,4.010000,4.010000,199383100
2023-12-09,4.000000,4.990000,3.770000,4.710000,4.710000,201479800
2023-12-16,4.610000,4.780000,4.140000,4.520000,4.520000,158806900
2023-12-23,4.580000,4.850000,4.500000,4.500000,4.500000,93228400
2023-12-30,4.440000,4.850000,4.160000,4.250000,4.250000,132919000
2024-01-06,4.290000,4.420000,3.430000,3.440000,3.440000,155649400
2024-01-13,3.370000,3.380000,2.260000,2.680000,2.680000,266960800
2024-01-20,2.850000,4.030000,2.700000,3.400000,3.400000,408457800
2024-01-27,3.420000,5.140000,3.330000,4.660000,4.660000,377698300
2024-02-03,4.430000,4.590000,4.100000,4.330000,4.330000,205014100
2024-02-10,4.330000,4.690000,3.750000,3.960000,3.960000,187375900
2024-02-17,3.850000,3.890000,2.980000,3.010000,3.010000,167513800
2024-02-24,2.920000,3.900000,2.830000,3.890000,3.890000,259782500
2024-03-02,3.890000,4.330000,3.600000,4.020000,4.020000,185310900
2024-03-09,4.010000,4.100000,3.250000,3.330000,3.330000,158879100
2024-03-16,3.360000,3.710000,3.050000,3.410000,3.410000,136925400
2024-03-23,3.410000,3.540000,3.200000,3.440000,3.440000,101002900
2024-03-30,3.490000,3.500000,2.990000,3.140000,3.140000,131209200
2024-04-06,3.100000,3.320000,2.860000,2.890000,2.890000,116660800
2024-04-13,2.890000,2.950000,2.540000,2.570000,2.570000,125661600
2024-04-20,2.580000,2.740000,2.250000,2.410000,2.410000,138085300
2024-04-27,2.510000,2.780000,2.280000,2.740000,2.740000,181897500
2024-05-04,2.800000,2.900000,2.360000,2.560000,2.560000,188435900
2024-05-11,2.620000,4.900000,2.580000,3.250000,3.250000,399084300
2024-05-18,3.230000,3.440000,3.040000,3.250000,3.250000,153670500
2024-05-25,3.410000,3.480000,3.110000,3.300000,3.300000,86720600
2024-05-31,3.310000,3.380000,3.230000,3.291100,3.291100,13128944